ID,Name,Country
2601,Aamer Hameed,Pakistan
2602,Aamer Hanif,Pakistan
1068,Aamer Malik,Pakistan
4480,Aamer Yamin,Pakistan
1259,Aamir Nazir,Pakistan
1653,Aamir Sohail,Pakistan
0869,Aaqib Javed,Pakistan
4808,Aarif Sheikh,Nepal
3916,"Aaron, V R",India
2603,"Ababu, J",Kenya
4002,"Abbott, K J",South Africa
4331,"Abbott, S A",Australia
3503,Abdul Jabbar,Canada
1408,Abdul Qadir,Pakistan
2191,Abdul Razzaq,Pakistan
3200,Abdul Rehman,United Arab Emirates
4450,Abdul Shakoor,United Arab Emirates
3827,Abdullah Mazari,Afghanistan
3526,Abdur Rauf,Pakistan
3180,Abdur Razzak,Bangladesh
3446,Abdur Rehman,Pakistan
4992,Abid Ali,Pakistan
0006,"Abid Ali, S",India
2604,"Abrahams, S",South Africa
4515,Abu Hider,Bangladesh
4738,Abu Jayed,Bangladesh
3965,Abul Hasan,Bangladesh
5089,"Adair, M R",Ireland
2963,"Adams, A R",New Zealand
2198,"Adams, C J",England
0009,"Adams, J C",West Indies
2044,"Adams, P R",South Africa
3040,Adeel Raja,Netherlands
3835,Adnan Akmal,Pakistan
4640,Adnan Mufti,United Arab Emirates
4245,Afsar Zazai,Afghanistan
3224,Aftab Ahmed,Bangladesh
3762,Aftab Alam,Afghanistan
3190,Afzaal Haider,Hong Kong
3223,"Aga, R G",Kenya
4224,"Agar, A C",Australia
2159,"Agarkar, A B",India
0012,"Agnew, J P",England
0013,"Ahangama, F S",Sri Lanka
4539,"Ahmed, K K",India
2605,Ahmed Kamal,Bangladesh
4258,Ahmed Raza,United Arab Emirates
3726,Ahmed Shah,Afghanistan
3675,Ahmed Shehzad,Pakistan
3869,Ahsan Malik,Netherlands
3218,Aijaz Ali,United States
4809,"Airee, D S",Nepal
3890,Aizaz Cheema,Pakistan
4275,Aizaz Khan,Hong Kong
3765,Ajmal Shahzad,England
2606,Akhtar Sarfraz,Pakistan
2237,Akram Khan,Bangladesh
1445,Akram Raza,Pakistan
2238,Al Sahariar Rokon,Bangladesh
2607,Alam Talukdar,Bangladesh
4247,Al-Amin Hossain,Bangladesh
3570,Alawi Shukri,United Arab Emirates
0032,"Alderman, T M",Australia
3913,"Aldridge, G W",New Zealand
3211,"Alexander, R P",United States
4271,"Ali, M M",England
2608,"Ali, R W",Kenya
3201,Ali Asad,United Arab Emirates
5021,Ali Khan,United States
3891,"Allan, D I",Kenya
4826,"Allen, F A",West Indies
2609,"Alleyne, M W",England
2610,"Allingham, M J D",Scotland
2049,"Allott, G I",New Zealand
0058,"Allott, P J W",England
3031,Alok Kapali,Bangladesh
0060,"Amalean, K N",Sri Lanka
3571,Aman Ali,United Arab Emirates
0063,"Amarnath, M",India
0064,"Amarnath, S",India
4702,"Ambris, S W",West Indies
0065,"Ambrose, C E L",West Indies
3534,"Ambrose, T R",England
3466,"Amerasinghe, M K D",Sri Lanka
4346,"Amini, C J A",Papua New Guinea
4350,"Amini, C R",Papua New Guinea
2236,Aminul Islam,Bangladesh
2611,Aminul Islam Jnr,Bangladesh
3935,Amir Hamza,Afghanistan
4727,Amir Hayat,United Arab Emirates
0068,"Amiss, D L",England
3553,Amjad Ali,United Arab Emirates
3554,Amjad Javed,United Arab Emirates
3236,"Amla, H M",South Africa
0069,"Amre, P K",India
3979,Anamul Haque,Bangladesh
3983,"Anderson, C J",New Zealand
4327,"Anderson, J",Ireland
3065,"Anderson, J M",England
0071,"Anderson, R W",New Zealand
2612,"Angara, J O",Kenya
0076,"Angel, J",Australia
2614,Anisur Rehman,Bangladesh
0078,"Ankola, S A",India
4301,Ankur Sharma,Hong Kong
4418,"Ansari, Z S",England
4351,Anshuman Rath,Hong Kong
2615,"Anthony, H A G",West Indies
0079,"Anurasiri, S D",Sri Lanka
3695,Anwar Ali,Pakistan
3062,Anwar Hossain,Bangladesh
3052,Anwar Hossain Monir,Bangladesh
2616,"Aponso, G J A",Netherlands
4580,"Aponso, M A",Sri Lanka
4500,Aqib Ilyas,Oman
4267,Arafat Sunny,Bangladesh
4777,"Archer, J C",England
4735,Ariful Haque,Bangladesh
0092,"Arnold, G G",England
2098,"Arnold, R P",Sri Lanka
0094,"Arnott, K J",Zimbabwe
3193,Arshad Ali,United Arab Emirates
0107,Arshad Ayub,India
2121,Arshad Khan,Pakistan
2617,Arshad Laeeq,United Arab Emirates
2618,Arshad Pervez,Pakistan
0095,"Arthurton, K L T",West Indies
0096,"Arun, B",India
0970,Arun Lal,India
4218,Asad Ali,Pakistan
3798,Asad Shafiq,Pakistan
3667,Asghar Afghan,Afghanistan
3198,Asghar Ali,United Arab Emirates
1994,Ashfaq Ahmed,Pakistan
4721,Ashfaq Ahmed,United Arab Emirates
0037,Ashraf Ali,Pakistan
3788,"Ashwin, R",India
4747,Asif Ali,Pakistan
0842,Asif Iqbal,Pakistan
4490,Asif Iqbal,United Arab Emirates
2619,Asif Mahmood,Pakistan
1101,Asif Masood,Pakistan
1231,Asif Mujtaba,Pakistan
2620,Asim Butt,Scotland
3192,Asim Saeed,United Arab Emirates
2046,"Astle, N J",New Zealand
3978,"Astle, T D",New Zealand
5022,"Atai, S",Papua New Guinea
0100,"Atapattu, M S",Sri Lanka
1799,Ata-Ur-Rehman,Pakistan
2621,Athar Ali Khan,Bangladesh
0101,"Atherton, M A",England
0102,"Athey, C W J",England
2214,Atiq-Uz-Zaman,Pakistan
3560,"Atkinson , J J",Hong Kong
2622,"Austin, I D",England
0106,"Austin, R A",West Indies
0108,"Azad, K",India
2070,Azam Khan,Pakistan
0684,Azeem Hafeez,Pakistan
3816,Azhar Ali,Pakistan
2623,Azhar Hossain,Bangladesh
2113,Azhar Mahmood,Pakistan
2624,Azhar Saeed,United Arab Emirates
0109,"Azharuddin, M",India
1430,Azmat Rana,Pakistan
5023,"Baard, S J",Namibia
4425,Babar Azam,Pakistan
4277,Babar Hayat,Hong Kong
0110,"Bacchus, S F A",West Indies
2086,"Bacher, A M",South Africa
2625,"Badani, H K",India
3608,"Badrinath, S",India
3079,"Bagai, A",Canada
2626,"Bahutule, S V",India
3578,"Baidwan, H S",Canada
3929,"Bailey, G J",Australia
2627,"Bailey, M D",New Zealand
0116,"Bailey, R J",England
0118,"Bairstow, D L",England
3900,"Bairstow, J M",England
3627,"Baker, L S",West Indies
2628,"Bakker, P",Netherlands
2629,"Baksh, S",Canada
3057,"Balaji, L",India
3613,"Balaji Rao, W D",Canada
3809,"Balbirnie, A",Ireland
4568,"Ball, J T",England
4234,"Ballance, G S",England
2144,"Bandara, C M",Sri Lanka
4564,"Bandara, K M C",Sri Lanka
2143,"Bandarathilake, M R C",Sri Lanka
0124,"Banerjee, S T",India
2999,"Bangar, S B",India
3115,"Banks, O A C",West Indies
0129,"Baptiste, E A E",West Indies
3739,"Barath, A B",West Indies
0137,"Barlow, G D",England
3359,"Barnett, G E F",Canada
0144,"Barnett, K J",England
3807,"Barresi, W",Netherlands
3575,"Bascombe, O",Bermuda
3489,"Basden, D M",Bermuda
0038,Basit Ali,Pakistan
3479,"Bastiampillai, T C",Canada
3934,"Bates, M D",New Zealand
3064,"Batty, G J",England
3555,"Batuwitarachchi, I P P",United Arab Emirates
4602,"Bau, D",Papua New Guinea
4528,"Bau, S",Papua New Guinea
3113,"Baugh, C S",West Indies
4370,"Bavuma, T",South Africa
3230,Bazid Khan,Pakistan
0158,"Beard, G R",Australia
4718,"Beaton, R R",West Indies
2630,"Bedade, A C",India
0161,"Bedi, B S",India
3951,"Behardien, F",South Africa
4705,"Behrendorff, J P",Australia
3207,"Bell, I R",England
2163,"Bell, M D",New Zealand
1997,"Benjamin, J E",England
0168,"Benjamin, K C G",West Indies
0169,"Benjamin, W K M",West Indies
2631,"Benkenstein, D M",South Africa
3543,"Benn, S J",West Indies
3829,"Bennett, H K",New Zealand
0170,"Bennett, M J",Australia
0171,"Benson, M R",England
4360,"Berenger, A R",United Arab Emirates
3112,"Bernard, D E",West Indies
3592,"Berrington, R D",Scotland
0173,"Best, C A",West Indies
3114,"Best, T L",West Indies
2002,"Bevan, M G",Australia
2632,"Bhandari, A",India
4283,"Bhandari, B",Nepal
4813,"Bhandari, L S",Nepal
2188,"Bhardwaj, R Vijay",India
3876,"Bhatti, R A",Canada
3360,"Bhatti, U",Canada
3620,"Bhudia, R L",Kenya
2633,Bhupinder Singh,India
2089,"Bichel, A J",Australia
0177,"Bicknell, M P",England
4481,Bilal Asif,Pakistan
4498,Bilal Khan,Oman
4250,Bilawal Bhatti,Pakistan
3080,"Billcliff, I S",Canada
4428,"Billings, S W",England
0181,"Binny, R M H",India
4089,"Binny, S T R",India
5024,"Birkenstock, K",Namibia
3852,"Bishoo, D",West Indies
2634,"Bishop, G A",Australia
0185,"Bishop, I R",West Indies
2250,"Black, M I",West Indies
3045,"Blackwell, I D",England
4312,"Blackwood, J",West Indies
2635,"Blain, J A R",Scotland
0190,"Blain, T E",New Zealand
2636,"Blair, B R",New Zealand
3226,"Blake, D L",United States
3660,"Blakeney, G",Bermuda
0192,"Blakey, R J",England
2013,"Blewett, G S",Australia
2637,"Blignaut, A M",Zimbabwe
3497,"Bodi, G H",South Africa
2210,"Boje, N",South Africa
4511,"Boland, S M",Australia
3631,"Bollinger, D E",Australia
2996,"Bond, S E",New Zealand
0204,"Boock, S L",New Zealand
0205,"Boon, D C",Australia
3460,"Bopara, R S",England
3428,"Borden, D C",Bermuda
0209,"Border, A R",Australia
3409,"Borren, P W",Netherlands
3882,"Borthwick, S G",England
0211,"Bosch, T",South Africa
2638,"Bose, G",India
3436,"Bosman, L L",South Africa
2639,"Boteju, J W H",Sri Lanka
3382,"Botha, A C",Ireland
3329,"Botha, J",South Africa
0212,"Botham, I T",England
2116,"Boucher, M V",South Africa
3924,"Boult, T A",New Zealand
0217,"Boyce, K D",West Indies
0218,"Boycott, G",England
0220,"Bracewell, B P",New Zealand
3911,"Bracewell, D A J",New Zealand
0221,"Bracewell, J G",New Zealand
2640,"Bracken, N W",Australia
0222,"Bradburn, G E",New Zealand
3174,"Bradshaw, I D R",West Indies
0226,"Brain, D H",Zimbabwe
0227,"Brandes, E A",Zimbabwe
3908,"Brathwaite, C R",West Indies
3863,"Brathwaite, K C",West Indies
3166,"Bravo, D J J",West Indies
3703,"Bravo, D M",West Indies
3383,"Bray, J P",Ireland
0230,"Brearley, J M",England
2194,"Brent, G B",Zimbabwe
3396,"Bresnan, T T",England
0233,"Briant, G A",Zimbabwe
3940,"Briggs, D R",England
0235,"Bright, R J",Australia
2641,"Brinkley, J E",Scotland
3715,"Britton, S A",Ireland
0237,"Broad, B C",England
3434,"Broad, S C J",England
3634,"Broom, N T",New Zealand
2642,"Brown, A D",England
3005,"Brown, D",West Indies
2643,"Brown, D R",Scotland
2644,"Brown, R D",Zimbabwe
0249,"Brown, V R",New Zealand
2645,"Browne, B S",West Indies
2020,"Browne, C O",West Indies
3523,"Browne, P A",West Indies
3840,"Brownlie, D G",New Zealand
1982,"Bruk-Jackson, G K",Zimbabwe
2646,"Bryan, H R",West Indies
2647,"Bryson, R E",South Africa
4788,"Budge, D E",Scotland
2648,"Bulfin, C E",New Zealand
4062,"Bumrah, J J",India
3070,"Burger, A J",Namibia
3075,"Burger, L J",Namibia
3094,"Burger, S F",Namibia
0256,"Burgess, M G",New Zealand
4645,"Burl, R P",Zimbabwe
0261,"Burmester, M G",Zimbabwe
4369,"Burns, J A",Australia
2018,"Butchart, I P",Zimbabwe
0265,"Butcher, A R",England
0267,"Butcher, R O",England
3290,"Butler, D C",West Indies
3011,"Butler, I G",New Zealand
3563,"Butt, K H",Hong Kong
3888,"Buttler, J C",England
3483,"Buurman, A F",Netherlands
0278,"Caddick, A R",England
0279,"Cairns, B L",New Zealand
0280,"Cairns, C L",New Zealand
2649,"Callaghan, D J",South Africa
0282,"Callen, I W",Australia
2650,"Callender, R G",Canada
4725,"Cameron, S J",Scotland
4927,"Cameron-Dow, J",Ireland
0289,"Campbell, A D R",Zimbabwe
0290,"Campbell, G D",Australia
4840,"Campbell, J D",West Indies
3007,"Campbell, R J",Australia
2015,"Campbell, S L",West Indies
3366,"Cann, L O B",Bermuda
3155,"Canning, T K",New Zealand
2651,"Cantrell, P E",Netherlands
0292,"Capel, D J",England
3774,"Carberry, M A",England
4726,"Carey, A T",Australia
2016,"Carlisle, S V",Zimbabwe
0296,"Carlson, P H",Australia
3458,"Carroll, K E D",Ireland
4489,"Carter, C",Hong Kong
4373,"Carter, J L",West Indies
4005,"Carter, N M",Scotland
4621,"Cartwright, H W R",Australia
3490,"Celestine, J J",Bermuda
4063,"Chahal, Y S",India
4557,"Chahar, D L",India
3622,"Chakabva, R W",Zimbabwe
3706,"Chalmers, S J",Scotland
4380,"Chameera, P V D",Sri Lanka
2177,"Chandana, U D U",Sri Lanka
1979,"Chanderpaul, S",West Indies
3779,"Chandimal, L D",Sri Lanka
0307,"Chandrasekhar, B S",India
2652,"Chandrasekhar, V B",India
4278,"Chapman, M S",New Zealand
2653,"Chappell, C J D",Canada
0311,"Chappell, G S",Australia
0312,"Chappell, I M",Australia
0313,"Chappell, T M",Australia
3394,"Chapple, G",England
4336,"Chari, B B",Zimbabwe
3903,"Charles, J",West Indies
4375,"Chase, P K D",Ireland
4570,"Chase, R L",West Indies
3792,"Chatara, T L",Zimbabwe
0317,"Chatfield, E J",New Zealand
3358,"Chattergoon, S",West Indies
2654,"Chatterjee, U",India
0319,"Chauhan, C P S",India
0320,"Chauhan, R K",India
3351,"Chawla, P P",India
3182,"Cheruparambil, M",Hong Kong
3320,"Chibhabha, C J",Zimbabwe
3167,"Chigumbura, E",Zimbabwe
4227,"Chinouya, M T",Zimbabwe
4660,Chirag Suri,United Arab Emirates
4483,"Chisoro, T S",Zimbabwe
2212,"Chopra, N",India
3766,"Christian, D T",Australia
4603,"Christie, K",Hong Kong
2655,"Chudasama, D N",Kenya
3081,"Chumney, D R",Canada
3326,"Clark, S R",Australia
0332,"Clark, W M",Australia
3067,"Clarke, M J",Australia
2656,"Clarke, N E",Netherlands
3123,"Clarke, R",England
0334,"Clarke, S T",West Indies
0337,"Close, D B",England
3082,"Codrington, A",Canada
3377,"Codrington, G R",Canada
3607,"Coetzer, K J",Scotland
4220,"Coleman, F R J",Scotland
0342,"Colley, D J",Australia
0343,"Collinge, R O",New Zealand
2973,"Collingwood, P D",England
2172,"Collins, P T",West Indies
2180,"Collymore, C D",West Indies
2657,"Coman, P G",New Zealand
0348,"Coney, J V",New Zealand
0349,"Congdon, B E",New Zealand
3582,"Connell, P",Ireland
0351,"Connolly, A N",Australia
3349,"Cook, A N",England
0357,"Cook, G",England
0358,"Cook, N G B",England
0359,"Cook, S J",South Africa
4231,"Cooper, B N",Netherlands
3794,"Cooper, T L W",Netherlands
0363,"Cope, G A",England
2024,"Cork, D G",England
3357,"Cosgrove, M J",Australia
0367,"Cosier, G J",Australia
4249,"Cottrell, S S",West Indies
4001,"Coulter-Nile, N M",Australia
3128,"Coventry, C K",Zimbabwe
0373,"Cowans, N G",England
0374,"Cowdrey, C S",England
0375,"Cowdrey, M C",England
3732,"Crandon, R T",West Indies
1996,"Crawley, J P",England
3246,"Cremer, A G",Zimbabwe
0389,"Crocker, G J",Zimbabwe
3659,"Crockwell, F S",Bermuda
0390,"Croft, C E H",West Indies
2064,"Croft, R D B",England
0392,"Cronje, W J",South Africa
2658,"Crookes, D N",South Africa
4221,"Cross, M H",Scotland
0393,"Crowe, J J",New Zealand
0394,"Crowe, M D",New Zealand
2007,"Cuffy, C E",West Indies
3356,"Cullen, D J",Australia
0395,"Cullinan, D J",South Africa
3153,"Cumming, C D",New Zealand
0396,"Cummins, A C",West Indies
4269,"Cummins, M L",West Indies
3909,"Cummins, P J",Australia
2659,"Curran, K M",Zimbabwe
4787,"Curran, S M",England
4693,"Curran, T K",England
3475,"Cusack, A R",Ireland
3995,"Cutting, B C J",Australia
3294,"Dabengwa, K M",Zimbabwe
3961,"Daesrath, D",Canada
2247,"Dahiya, V",India
4345,"Dai, M D",Papua New Guinea
4739,"Dala, C J",South Africa
2140,"Dale, A C",Australia
0405,"Dalpat, A",Pakistan
3395,"Dalrymple, J W M",England
3973,"Dananjaya, A",Sri Lanka
0409,"Daniel, W W",West Indies
0412,"Darling, W M",Australia
2243,"Das, S  S",India
2989,"Dasgupta, D",India
1970,"Dassanayake, P B",Sri Lanka
3795,"Davey, J H",Scotland
2660,"David, N A",India
3602,"David, R R",Canada
3987,"Davids, H",South Africa
2661,"Davies, A G",Scotland
2662,"Davies, S G",Zimbabwe
3677,"Davies, S M",England
1992,"Davis, H T",New Zealand
0417,"Davis, I C",Australia
0418,"Davis, S P",Australia
0419,"Davis, W W",West Indies
3083,"Davison, J M",Canada
3673,Dawlat Ahmadzai,Afghanistan
3875,Dawlat Zadran,Afghanistan
3723,"Dawood, J J",Canada
2663,"Dawson, A C",South Africa
4566,"Dawson, L A",England
0422,"De Alwis, R G",Sri Lanka
0425,"De Freitas, P A J",England
3936,"de Grandhomme, C",New Zealand
0426,"De Groen, R P",New Zealand
3084,"De Groot, N A",Canada
3424,"de Grooth, T N",Netherlands
3988,"de Kock, Q",South Africa
4437,"de Lange, C D",Scotland
3927,"de Lange, M",South Africa
4791,"de Leede, B F W",Netherlands
2664,"de Leede, T B M",Netherlands
0427,"De Mel, A L F",Sri Lanka
2196,"De Saram, S I",Sri Lanka
0428,"de Silva, A M",Sri Lanka
2665,"De Silva, D L S",Sri Lanka
4472,"de Silva, D M",Sri Lanka
0429,"De Silva, D S",Sri Lanka
0430,"De Silva, E A R",Sri Lanka
2666,"De Silva, G N",Sri Lanka
0431,"de Silva, G R A",Sri Lanka
2096,"de Silva, K S C",Sri Lanka
0432,"de Silva, P A",Sri Lanka
4270,"de Silva, P C",Sri Lanka
4696,"de Silva, P W H",Sri Lanka
2120,"de Silva, S K L",Sri Lanka
3241,"de Villiers, A B",South Africa
0433,"De Villiers, P S",South Africa
1983,"Dekker, M H",Zimbabwe
3724,"Denly, J L",England
0439,"Denness, M H",England
2667,"Dennis, F A",Canada
3276,"Deonarine, N",West Indies
3865,"Dernbach, J W",England
3217,"Desai, J H",United States
3778,"Desai, P A",Canada
4248,"Devcich, A P",New Zealand
3361,"Dhaniram, S",Canada
2008,"Dhanraj, R",West Indies
2668,"Dharmani, P",India
1971,"Dharmasena, H D P K",Sri Lanka
4064,"Dhawan, R",India
3832,"Dhawan, S",India
3362,"Dhillon, H S",Canada
3535,Dhiman Ghosh,Bangladesh
3243,"Dhoni, M S",India
2669,"Di Venuto, M J",Australia
3645,"Diamanti, B J",New Zealand
0447,"Dias, R L",Sri Lanka
4316,"Dickwella, N",Sri Lanka
3897,"Diepeveen, W P",Netherlands
2670,"Dighe, S S",India
3289,"Dilhara, L H D",Sri Lanka
0450,"Dilley, G R",England
2097,"Dillon, M V",West Indies
2197,"Dilshan, T M",Sri Lanka
3740,"Dinda, A B",India
2190,"Dippenaar, H H",South Africa
3752,"Dockrell, G H",Ireland
0454,"Dodemaide, A I C",Australia
3834,"Doherty, X J",Australia
3549,Dolar Mahmud,Bangladesh
0402,"D'Oliveira, B L",England
0458,"Donald, A A",South Africa
3338,"Dorey, B R",Australia
4710,"Doriga, K",Papua New Guinea
0462,"Doshi, D R",India
3601,"Douglas, C R M",Bermuda
2671,"Douglas, M W",New Zealand
0464,"Doull, S B",New Zealand
3710,"Dowlin, T M",West Indies
0468,"Downton, P R",England
4427,"Dowrich, S O",West Indies
2672,"Drakes, V C",West Indies
2060,"Dravid, R",India
2673,"Drum, C J",New Zealand
3486,"Drummond, G D",Scotland
3847,"du Plessis, F",South Africa
4596,"Duckett, B M",England
2674,"Duers, K G",Zimbabwe
3324,"Duffin, T",Zimbabwe
0477,"Dujon, P J L",West Indies
2675,"Dukanwala, S F",United Arab Emirates
3208,"Duminy, J-P",South Africa
2022,"Dunusinghe, C I",Sri Lanka
3367,"Durham, H",Bermuda
4014,"Dutta, N",Canada
0487,"Dyer, G C",Australia
2676,"Dyer, N R",Scotland
0488,"Dymock, G",Australia
0489,"Dyson, J",Australia
3583,"Eaglestone, P S",Ireland
2061,"Ealham, M A",England
2961,"Ebrahim, D D",Zimbabwe
0493,"Edgar, B A",New Zealand
0494,"Edmonds, P H",England
3491,"Edness, J",Bermuda
0495,"Edrich, J H",England
3125,"Edwards, F H",West Indies
0497,"Edwards, G N",New Zealand
3853,"Edwards, K A",West Indies
0500,"Edwards, R",Australia
4792,"Edwards, S",Netherlands
0501,"Edwards, W J",Australia
4003,Ehsan Adil,Pakistan
4582,Ehsan Khan,Hong Kong
4298,Ehsan Nawaz,Hong Kong
3024,Ehsanul Haque,Bangladesh
1973,"Eksteen, C E",South Africa
3968,"Elgar, D",South Africa
3915,Elias Sunny,Bangladesh
3541,"Elliott, G D",New Zealand
2075,"Elliott, M T G",Australia
3931,"Ellis, A M",New Zealand
0508,"Ellison, R M",England
2147,"Elworthy, S",South Africa
0509,"Emburey, J E",England
2004,"Emery, P A",Australia
3457,"Emrit, R R",West Indies
3139,Enamul Haque,Bangladesh
2677,Enamul Haque,Bangladesh
0515,"Engineer, F M",India
3880,"Eranga, R M S",Sri Lanka
5026,"Erasmus, M G",Namibia
3780,"Ervine, C R",Zimbabwe
2990,"Ervine, S M",Zimbabwe
3038,"Esmeijer, J",Netherlands
2678,"Essop-Adam, E A",Zimbabwe
3707,"Evans, A C",Scotland
2065,"Evans, C N",Zimbabwe
3138,"Ewing, G M",Zimbabwe
3552,Fahad Alhashmi,United Arab Emirates
4843,Fahad Nawaz,United Arab Emirates
3194,Fahad Usman,United Arab Emirates
4690,Faheem Ashraf,Pakistan
2997,Fahim Muntasir,Bangladesh
0520,"Fairbrother, N H",England
3119,Faisal Athar,Pakistan
3175,Faisal Hossain,Bangladesh
2261,Faisal Iqbal,Pakistan
4654,Fakhar Zaman,Pakistan
4363,Fareed Ahmad,Afghanistan
3414,Farhad Reza,Bangladesh
3581,"Faridi, A S",Canada
2681,Faruk Ahmed,Bangladesh
3930,"Faulkner, J P",Australia
4233,Fawad Ahmed,Australia
3468,Fawad Alam,Pakistan
4302,Fayyaz Ahmed,United Arab Emirates
4854,Fayyaz Butt,Oman
4185,"Fazal, F Y",India
4823,Fazle Mahmud,Bangladesh
2130,Fazl-E-Akbar,Pakistan
3643,"Ferguson, C J",Australia
4609,"Ferguson, L H",New Zealand
3572,"Fernandes, N",United Arab Emirates
4697,"Fernando, A M",Sri Lanka
4852,"Fernando, B O P",Sri Lanka
2223,"Fernando, C R D",Sri Lanka
2682,"Fernando, E R",Sri Lanka
0535,"Fernando, E R N",Sri Lanka
3033,"Fernando, K  H",Sri Lanka
3146,"Fernando, K A D",Sri Lanka
4574,"Fernando, M V T",Sri Lanka
2992,"Fernando, T C B",Sri Lanka
2683,"Fernando, T L",Sri Lanka
2684,"Fernando, U N K",Sri Lanka
4581,"Fernando, W I A",Sri Lanka
3845,"Finch, A J",Australia
3596,"Findlay, S E",West Indies
3775,"Finn, S T",England
3820,"Flannigan, R",Scotland
2003,"Fleming, D W",Australia
2685,"Fleming, M V",England
1977,"Fleming, S P",New Zealand
3562,"Fletcher, A D S",West Indies
2686,"Fletcher, D A G",Zimbabwe
0547,"Fletcher, K W R",England
2148,"Flintoff, A",England
0549,"Flower, A",Zimbabwe
0550,"Flower, G W",Zimbabwe
3533,"Flynn, D R",New Zealand
4832,"Foakes, B T",England
3576,"Foggo, C R",Bermuda
3938,"Forrest, P J",Australia
2986,"Foster, J S",England
0555,"Foster, M L C",West Indies
0556,"Foster, N A",England
3471,"Fourie, M J",Ireland
0559,"Fowler, G",England
5032,"France, H N Ya",Namibia
2263,"Franklin, J E C",New Zealand
0566,"Franklin, T J",New Zealand
2688,"Franks, P J",England
2689,Frasat Ali,East Africa
0567,"Fraser, A R C",England
0569,"Fredericks, R C",West Indies
3183,"French, A N",Hong Kong
0574,"French, B N",England
2690,"Friend, T J",Zimbabwe
5031,"Frylinck, J N",Namibia
3233,"Fulton, P G",New Zealand
2705,Haafiz Shahid,Pakistan
2235,Habibul Bashar,Bangladesh
2707,"Haddin, B J",Australia
2708,"Hadlee, B G",New Zealand
0681,"Hadlee, D R",New Zealand
0682,"Hadlee, R J",New Zealand
2709,Hafizur Rahman,Bangladesh
3584,"Haire, R S",Ireland
3808,"Hairs, O J",Scotland
3887,"Hales, A D",England
2710,"Hall, A J",South Africa
3802,"Hall, J D",Ireland
3672,Hamid Hassan,Afghanistan
2199,"Hamilton, G M",England
3272,"Hamilton, L J",New Zealand
3860,Hammad Azam,Pakistan
0695,"Hammond, J R",Australia
0697,"Hampshire, J H",England
3873,Hamza Tariq,Canada
4558,"Handscomb, P S P",Australia
3026,Hannan Sarkar,Bangladesh
3801,"Hansra, A S",Canada
3450,"Haq, R M",Scotland
2138,Harbhajan Singh,India
2712,Harilal Shah,East Africa
4225,Haris Sohail,Pakistan
3037,"Harmison, S J",England
1442,Haroon Rashid,Pakistan
0707,"Harper, R A",West Indies
0708,"Harris, C Z",New Zealand
3085,"Harris, J V",Canada
3453,"Harris, P L",South Africa
3638,"Harris, R J",Australia
1975,"Hart, M N",New Zealand
3020,"Hart, R G",New Zealand
2713,"Hart, R T",New Zealand
0717,"Hartland, B R",New Zealand
2714,Harun-Ur-Rashid,Bangladesh
2715,"Harvey, I J",Australia
2133,Harvinder Singh,India
3662,"Harwood, S M",Australia
4579,Hasan Ali,Pakistan
2716,Hasan Jamil,Pakistan
2071,Hasan Raza,Pakistan
4279,Haseeb Amjad,Hong Kong
4239,Hashmatullah Shahidi,Afghanistan
2241,Hasibul Hussain,Bangladesh
0722,"Haslam, M J",New Zealand
3670,Hasti Gul,Afghanistan
0726,"Hastings, B F",New Zealand
3831,"Hastings, J W",Australia
0728,"Hathurusingha, U C",Sri Lanka
3016,"Hauritz, N M",Australia
1976,"Hayden, M L",Australia
0732,"Hayes, F C",England
2717,"Hayes, R L",New Zealand
0734,"Haynes, D L",West Indies
2718,"Haynes, R C",West Indies
2202,"Hayward, M",South Africa
3799,"Hazlewood, J R",Australia
4615,Hazratullah Zazai,Afghanistan
4386,"Head, T M",Australia
2101,"Headley, D W",England
0739,"Headley, R G A",West Indies
0740,"Healy, I A",Australia
3363,"Heaney, S P",Canada
4643,"Heazlett, S D",Australia
3818,"Heggelman, T J",Netherlands
0749,"Hemmings, E E",England
3441,"Hemp, D L",Bermuda
4821,"Hemraj, C",West Indies
2985,"Henderson, C W",South Africa
0752,"Hendrick, M",England
4273,"Hendricks, B E",South Africa
4340,"Hendricks, R R",South Africa
3680,"Henriques, M C",Australia
2719,"Henry, C C",Canada
4257,"Henry, M J",New Zealand
0755,"Henry, O",South Africa
2185,"Herath, H M R K B",Sri Lanka
2720,"Heron, J G",Zimbabwe
4681,"Hetmeyer, S O",West Indies
2721,"Heyn, P D",Sri Lanka
0758,"Hick, G A",England
3347,"Higgins, R S",Zimbabwe
0761,"Hilditch, A M J",Australia
3455,"Hilfenhaus, B W",Australia
3004,"Hinds, R O",West Indies
2216,"Hinds, W W",West Indies
4529,"Hiri, H",Papua New Guinea
0770,"Hirwani, N D",India
3021,"Hitchcock, P A",New Zealand
3330,"Hodge, B J",Australia
3512,"Hodsoll, K C",Bermuda
3403,"Hoffmann, P J C",Scotland
0777,"Hogan, T G",Australia
2068,"Hogg, G B",Australia
0778,"Hogg, R M",Australia
2722,"Hogg, V R",Zimbabwe
2224,"Hoggard, M J",England
3998,"Holder, J O",West Indies
2093,"Holder, R I C",West Indies
0780,"Holder, V A",West Indies
0781,"Holding, M A",West Indies
0784,"Holland, R G",Australia
2105,"Hollioake, A J",England
2106,"Hollioake, B C",England
3587,"Hollis, D W",Bermuda
2984,"Hondo, D T",Zimbabwe
0790,"Hookes, D W",Australia
3508,"Hooper, C K",Canada
0791,"Hooper, C L",West Indies
4695,"Hope, K A",West Indies
4417,"Hope, S D",West Indies
3273,"Hopes, J R",Australia
3177,"Hopkins, G J",New Zealand
2091,"Horne, M J",New Zealand
0797,"Horne, P A",New Zealand
0801,"Houghton, D L",Zimbabwe
3336,"How, J M",New Zealand
0804,"Howarth, G P",New Zealand
0805,"Howarth, H J",New Zealand
2723,"Howell, L G",New Zealand
2109,"Huckle, A G",Zimbabwe
0809,"Hudson, A C",South Africa
0810,"Hughes, K J",Australia
0811,"Hughes, M G",Australia
3647,"Hughes, P J",Australia
2958,Humayun Farhat,Pakistan
2724,"Humpage, G W",England
3380,"Hurdle, K A D",Bermuda
3120,"Hurley, R O",West Indies
0817,"Hurst, A G",Australia
0823,"Hussain, N",England
3420,"Hussain, R O",Scotland
4746,Hussain Talat,Pakistan
3595,"Hussey, D J",Australia
3160,"Hussey, M E K",Australia
3858,"Hyatt, D P",West Indies
2691,"Gabriel, R S",West Indies
3952,"Gabriel, S T",West Indies
0582,"Gaekwad, A D",India
2195,"Gallage, I S",Sri Lanka
2692,"Gamage, J C",Sri Lanka
4335,"Gamage, P L S",Sri Lanka
3107,"Gambhir, G",India
2186,"Gandhi, D J",India
2962,"Ganegama, W C A",Sri Lanka
2087,"Ganesh, D",India
2162,"Ganga, D",West Indies
2059,"Ganguly, S C",India
4235,"Gardiner, H J W",Scotland
0590,"Garner, J",West Indies
2967,"Garrick, L V",West Indies
3734,"Garwe, T N",Zimbabwe
0593,"Gatting, M W",England
4285,"Gauchan, S P",Nepal
3159,"Gavaskar, R S",India
0595,"Gavaskar, S M",India
4348,"Gavera, W T",Papua New Guinea
2217,"Gayle, C H",West Indies
2693,Gazi Ashraf,Bangladesh
3615,"Geeves, B",Australia
2037,"Germon, L K",New Zealand
2694,"Ghai, R S",India
0601,"Ghavri, K D",India
2696,Gholam Nousher,Bangladesh
2697,Ghulam Ali,Pakistan
4614,Ghulam Shabber,United Arab Emirates
3379,"Gibbons, T",Bermuda
2080,"Gibbs, H H",South Africa
0606,"Gibbs, L R",West Indies
2025,"Gibson, O D",West Indies
0609,"Gifford, N",England
0610,"Gilbert, D R",Australia
2192,"Gilchrist, A C",Australia
2146,"Giles, A F",England
2082,"Gillespie, J N",Australia
3452,"Gillespie, M R",New Zealand
3384,"Gillespie, P G",Ireland
0612,"Gillespie, S R",New Zealand
0615,"Gilmour, G J",Australia
2695,Golam Faruq,Bangladesh
0625,"Gomes, H A",West Indies
4240,"Gondaria, D M",Kenya
3569,"Gony, M",India
0627,"Gooch, G A",England
2125,"Goodwin, M W",Zimbabwe
0628,"Goonasekera, Y",Sri Lanka
2698,"Goonatillake, F R M",Sri Lanka
0629,"Goonatillake, H M",Sri Lanka
3962,"Gordon, J O A",Canada
3848,"Gordon, T G",Canada
5020,"Gore, K",United States
3593,"Goudie, G",Scotland
1995,"Gough, D",England
2699,"Gouka, E",Netherlands
2700,"Gould, I J",England
0634,"Gower, D I",England
2701,"Graf, S F",Australia
3039,"Grandia, V",Netherlands
0643,"Gray, A H",West Indies
0644,"Gray, E J",New Zealand
2702,"Grayson, A P",England
0645,"Greatbatch, M J",New Zealand
5029,"Green, Z E",Namibia
0647,"Greenidge, A E",West Indies
0648,"Greenidge, C G",West Indies
0656,"Greig, A W",England
2088,"Griffith, A F G",West Indies
2189,"Gripper, T R",Zimbabwe
3761,"Gruitjers, T J G",Netherlands
3892,"Gudhka, R D",Kenya
3877,Gulbadin Naib,Afghanistan
4532,"Gunaratne, D A S",Sri Lanka
3034,"Gunaratne, P W",Sri Lanka
3589,"Gunasekera, R",Canada
4487,"Gunathilaka, M D",Sri Lanka
2703,"Gunawardene, A A W",Sri Lanka
2175,"Gunawardene, D A",Sri Lanka
2704,"Gupta, S K",Kenya
3633,"Guptill, M J",New Zealand
4241,Gurdeep Singh,Kenya
4212,Gurkeerat Singh,India
4307,"Gurney, H F",England
1606,Gursharan Singh,India
4259,"Guruge, A M",United Arab Emirates
0679,"Gurusinha, A P",Sri Lanka
3096,"Ifill, N",Canada
4488,Iftikhar Ahmed,Pakistan
3231,Iftikhar Anjum,Pakistan
0832,"Igglesden, A P",England
4651,Ihsanullah,Afghanistan
0015,Ijaz Ahmed,Pakistan
2034,Ijaz Ahmed,Pakistan
0523,Ijaz Faqih,Pakistan
4928,Ikram Ali Khil,Afghanistan
0834,"Illingworth, R",England
0835,"Illingworth, R K",England
3187,Ilyas Gul,Hong Kong
4423,Imad Wasim,Pakistan
4706,Imam-ul-Haq,Pakistan
2725,Imran Abbas,Pakistan
2260,Imran Farhat,Pakistan
4617,Imran Haider,United Arab Emirates
0928,Imran Khan,Pakistan
2174,Imran Nazir,Pakistan
3850,Imran Tahir,South Africa
3617,Imrul Kayes,Bangladesh
2726,Imtiaz Abbasi,United Arab Emirates
3823,"Ingram, C A",South Africa
3754,"Ingram , P J",New Zealand
0031,Intikhab Alam,Pakistan
1794,Inzamam-ul-Haq,Pakistan
3655,"Iqbal, M M",Scotland
2727,"Iqbal, T",Kenya
1410,"Iqbal Qasim, M",Pakistan
2728,Iqbal Sikander,Pakistan
2057,"Irani, R C",England
3318,"Ireland, A J",Zimbabwe
3564,Irfan Ahmed,Hong Kong
2729,Irfan Bhatti,Pakistan
2215,Irfan Fazil,Pakistan
4451,Irfan Sajid,United Arab Emirates
4519,Ishtiaq Muhammad,Hong Kong
4387,"Iyer, S S",India
3828,Izatullah Dawlatzai,Afghanistan
2010,"Jack, S D",South Africa
0850,"Jackman, R D",England
2154,"Jacobs, R D",West Indies
0854,"Jadeja, A",India
3644,"Jadeja, R A",India
4033,"Jadhav, K M",India
2208,"Jaffer, W",India
2730,Jahangir Alam,Bangladesh
2731,Jahangir Shah,Bangladesh
3777,Jahurul Islam,Bangladesh
0859,Jalaluddin,Pakistan
3142,Jamaluddin Ahmed,Bangladesh
1993,"James, W R",Zimbabwe
0861,"Jameson, J A",England
2732,"Jansen, F",Netherlands
3335,"Jaques, P A",Australia
3733,"Jarvis, K M",Zimbabwe
0866,"Jarvis, M P",Zimbabwe
0867,"Jarvis, P W",England
4958,Jasdeep Singh,United States
4464,Jatinder Singh,Oman
3813,Javed Ahmadi,Afghanistan
1169,Javed Miandad,Pakistan
2733,Javed Omar,Bangladesh
2734,Javed Qadeer,Pakistan
2735,Jawahir Shah,East Africa
3163,"Jayantha, W S",Sri Lanka
3292,"Jayaprakashdaran, P S",Sri Lanka
0871,"Jayasekera, R S A",Sri Lanka
2736,"Jayasinghe, S A",Sri Lanka
4475,"Jayasuriya, G S N F G",Sri Lanka
4805,"Jayasuriya, N G R P",Sri Lanka
0872,"Jayasuriya, S T",Sri Lanka
2104,"Jayawardene, D P M D",Sri Lanka
2225,"Jayawardene, H A P W",Sri Lanka
0873,"Jeganathan, S",Sri Lanka
0875,"Jenner, T J",Australia
2737,"Jeremy, K C B",West Indies
2738,"Jesty, T E",England
3603,"Jethi, K",Canada
3244,Joginder Sharma,India
0878,"John, V B",Sri Lanka
3221,"Johnson, H R",United States
3609,"Johnson, L R",West Indies
3334,"Johnson, M G",Australia
3212,"Johnson, M R",United States
2157,"Johnson, N C",Zimbabwe
3121,"Johnson, R L",England
3385,"Johnston, D T",Ireland
4957,"Jones, A",United States
0885,"Jones, A H",New Zealand
0888,"Jones, D M",Australia
3165,"Jones, G O",England
4723,"Jones, M A",Scotland
3440,"Jones, M O",Bermuda
3803,"Jones, N G",Ireland
3152,"Jones, R A",New Zealand
3028,"Jones, S P",England
4319,"Jongwe, L M",Zimbabwe
4740,"Jonker, C",South Africa
3444,"Jonkman, M B S",Netherlands
3495,"Jonkman, M M A",Netherlands
4845,"Jora, S",Nepal
4238,"Jordan, C J",England
4575,"Joseph, A S",West Indies
3086,"Joseph, D",Canada
2739,"Joseph, S C",West Indies
2053,"Joshi, S B",India
3386,"Joyce, D I",Ireland
3393,"Joyce, E C",Ireland
4334,Jubair Hossain,Bangladesh
0897,"Julian, B P",Australia
0896,"Julien, B D",West Indies
3855,Junaid Khan,Pakistan
3517,Junaid Siddique,Bangladesh
3874,Junaid Siddiqui,Canada
3135,Junaid Zia,Pakistan
3430,"Jyoti, S",Canada
3127,Kabir Ali,England
2001,Kabir Khan,Pakistan
4426,"Kaia, R",Zimbabwe
2213,"Kaif, M",India
3110,"Kale, A V",India
4628,Kaleemullah,Oman
0903,"Kallicharran, A I",West Indies
2043,"Kallis, J H",South Africa
1969,"Kalpage, R S",Sri Lanka
0904,"Kaluperuma, L W",Sri Lanka
0905,"Kaluperuma, S M S",Sri Lanka
0906,"Kaluwitharana, R S",Sri Lanka
2740,"Kamande, J K",Kenya
0908,"Kambli, V G",India
3056,Kamran Akmal,Pakistan
3522,Kamran Hussain,Pakistan
4260,Kamran Shahzad,United Arab Emirates
3438,"Kamungozi, T",Zimbabwe
4804,"Kamunhukamwe, T S",Zimbabwe
4232,"Kamyuka, K",Canada
3172,"Kandamby, S H T",Sri Lanka
3505,"Kandappah, A L",Canada
2252,"Kaneria, D",Pakistan
0909,"Kanhai, R B",West Indies
2204,"Kanitkar, H H",India
0443,Kapil Dev,India
2009,"Kapoor, A R",India
3340,"Kapugedera, C K",Sri Lanka
4441,Karan KC,Nepal
3073,"Karg, M",Namibia
2741,"Karim, A Y A",Kenya
3893,"Karim, I A",Kenya
2244,"Karim, S",India
4611,Karim Janat,Afghanistan
3664,Karim Sadiq,Afghanistan
2742,"Karnain, S H U",Sri Lanka
3210,"Karthik, K D",India
2209,"Kartik, M",India
3871,"Karunaratne, F D M",Sri Lanka
2965,Kashif Raza,Pakistan
2076,"Kasprowicz, M S",Australia
3462,"Kasteni, F",Zimbabwe
3590,"Katchay, E",Canada
2743,"Katich, S M",Australia
4034,"Kaul, S",India
4367,"Kaushal, P H T",Sri Lanka
3442,"Kelly, S K W",Bermuda
2258,"Kemp, J M",South Africa
2048,"Kennedy, R J",New Zealand
3018,"Kent, J C",South Africa
0921,"Kent, M F",Australia
0925,"Kerr, R B",Australia
3408,"Kervezee, A N",Netherlands
3705,"Keshvani, S",Canada
3071,"Keulder, D",Namibia
3036,"Key, R W T",England
4293,"Khadka, P",Nepal
4286,"Khakurel, S P",Nepal
2744,Khaled Mahmud,Bangladesh
2239,Khaled Mashud,Bangladesh
3191,Khalid Khan,Hong Kong
3524,Khalid Latif,Pakistan
3671,Khaliq Dad,Afghanistan
2245,"Khan, Z",India
2745,"Khanna, S C",India
3842,"Khawaja, U T",Australia
4462,Khawar Ali,Oman
2746,"Khoda, G K",India
2747,"Khurasiya, A R",India
3661,Khurram Chohan,Canada
3196,Khurram Khan,United Arab Emirates
3527,Khurram Manzoor,Pakistan
4629,Khurram Nawaz,Oman
3484,"Kidd, G E",Ireland
3768,"Kieswetter, C",England
4741,"Kila, J",Papua New Guinea
0938,"King, C L",West Indies
2165,"King, R D",West Indies
4255,"Kingma, V J",Netherlands
0944,"Kirmani, S M H",India
0945,"Kirsten, G",South Africa
0946,"Kirsten, P N",South Africa
2987,"Kirtley, R J",England
4731,"Klaasen, H",South Africa
4794,"Klaassen, F J",Netherlands
3682,"Kleinveldt, R K",South Africa
3047,"Kloppenburg, J F",Netherlands
2081,"Klusener, L",South Africa
2027,"Knight, N V",England
0952,"Knott, A P E",England
2748,"Koen, L J",South Africa
3600,"Kohli, V",India
3078,"Kotze, B L",Namibia
3074,"Kotze, D B",Namibia
5025,"Kotze, J",Namibia
3625,"Krejza, J J",Australia
4304,Krishna Chandran,United Arab Emirates
0956,"Krishnamurthy, P",India
3810,"Kruger, B P",Netherlands
3565,"Kruger, C K",Hong Kong
3337,"Kruger, G J",South Africa
3866,"Kruger, N",Netherlands
0957,"Kuggeleijn, C M",New Zealand
4685,"Kuggeleijn, S C",New Zealand
0958,"Kuiper, A P",South Africa
3921,"Kulasekara, C K B",Sri Lanka
3147,"Kulasekara, K M D N",Sri Lanka
4652,Kuldeep Yadav,India
4066,"Kulkarni, D S",India
2103,"Kulkarni, N M",India
0959,"Kulkarni, R R",India
3991,"Kumar, B",India
3764,"Kumar , N R",Canada
3514,"Kumar, P",India
4599,"Kumara, C B R L S",Sri Lanka
2749,"Kumaran, T A S",India
0962,"Kumble, A",India
0964,"Kuruppu, D S B",Sri Lanka
2094,"Kuruvilla, A",India
3376,Kwame Tucker,Bermuda
0967,"Labrooy, G F",Sri Lanka
0968,"Laird, B M",Australia
3745,"Lakmal, R A S",Sri Lanka
3029,"Lakshitha, M K G",Sri Lanka
3189,"Lama, S B",Hong Kong
0971,"Lamb, A J",England
3770,"Lamb, G A",Zimbabwe
0972,"Lamba, R",India
0973,"Lambert, C B",West Indies
4757,"Lamichhane, S",Nepal
3185,"Lamsam, J P R",Hong Kong
0975,"Langer, J L",Australia
2991,"Langeveldt, C K",South Africa
3387,"Langford-Smith, D",Ireland
0979,"Lara, B C",West Indies
0980,"Larkins, W",England
1991,"Larsen, G R",New Zealand
0984,"Latham, R T",New Zealand
3932,"Latham, T W M",New Zealand
3657,"Laughlin, B",Australia
0987,"Laughlin, T J",Australia
2040,"Law, S G",Australia
0989,"Lawrence, D V",England
0991,"Lawry, W M",Australia
0992,"Lawson, G F",Australia
3003,"Lawson, J J C",West Indies
2079,"Laxman, V V S",India
4222,"Leask, M A",Scotland
2205,"Lee, B",Australia
2750,"Lee, S",Australia
0998,"Lees, W K",New Zealand
2751,"Lefebvre, R P",Netherlands
2139,"Lehmann, D S",Australia
1004,"Lever, J K",England
1005,"Lever, P",England
3368,"Leverock, R D M",Bermuda
1009,"Lewis, C C",England
4538,"Lewis, E",West Indies
3281,"Lewis, J",England
3333,"Lewis, M L",Australia
2122,"Lewis, R N",West Indies
0042,Liaqat Ali,Pakistan
2141,"Liebenberg, G F J",South Africa
1013,"Lillee, D K",Australia
4430,Liton Das,Bangladesh
4584,"Little, J B",Ireland
1022,"Liyanage, D K",Sri Lanka
1024,"Lloyd, C H",West Indies
1025,"Lloyd, D",England
2752,"Lloyd, G D",England
1026,"Lloyd, T A",England
2036,"Lock, A C I",Zimbabwe
3405,"Lockhart, D R",Scotland
1030,"Logie, A L",West Indies
3104,"Lokuarachchi, K S",Sri Lanka
3494,"Lonsdale, C H",Bermuda
3815,"Loots, B P",Netherlands
3397,"Loudon, A G R",England
3624,"Louw, J",South Africa
3077,"Louw, J L",Namibia
2753,"Love, J D",England
3456,"Loye, M B",England
2754,"Lubbers, S W",Netherlands
1037,"Luckhurst, B W",England
3781,"Lumb, M J",England
3103,"Luseno, A S",Kenya
2755,"Lynch, M A",England
4108,"Lynn, C A",Australia
3885,"Lyon, N M",Australia
3404,"Lyons , R T",Scotland
2126,"MacGill, S C G",Australia
4006,"Machan, M W",Scotland
2756,"Mackay, A J",Zimbabwe
1050,"Maclean, J A",Australia
2757,"MacLeay, K H",Australia
3606,"MacLeod, C S",Scotland
3398,"MacRae, N J",Scotland
1051,"Madan Lal, S",India
2183,"Maddy, D L",England
2134,"Madondo, T N",Zimbabwe
1054,"Madugalle, R S",Sri Lanka
1055,"Madurasinghe, A W R",Sri Lanka
4728,"Madushanka, D S K",Sri Lanka
4644,"Madushanka, L D",Sri Lanka
4320,"Madziva, N",Zimbabwe
2758,Mafizur Rahman,Bangladesh
1056,"Maguire, J N",Australia
1057,"Mahanama, R S",Sri Lanka
4601,"Maharaj, K A",South Africa
3171,"Maharoof, M F",Sri Lanka
3623,Mahbubul Alam,Bangladesh
2759,Mahbubur Rahman,Bangladesh
2760,"Maher, J P",Australia
3179,"Mahmood, S I",England
2761,Mahmood Hamid,Pakistan
3488,Mahmudullah,Bangladesh
3055,"Mahwire, N B",Zimbabwe
3684,"Maiden, G I",Scotland
0929,Majid Khan,Pakistan
4694,"Malan, D J",England
1066,"Malcolm, D E",England
1067,"Malhotra, A",India
4952,"Malhotra, J S",United States
3178,"Malinga, S L",Sri Lanka
4287,"Malla, G",Nepal
1072,"Mallett, A A",Australia
1073,"Malone, M F",Australia
1608,Maninder Singh,India
1074,"Manjrekar, S V",India
2762,Manjural Islam,Bangladesh
3143,Manjural Islam Rana,Bangladesh
1076,"Mankad, A V",India
3719,"Manou, G A",Australia
0028,Mansoor Akhtar,Pakistan
3580,Mansoor Amjad,Pakistan
2763,Mansoor Rana,Pakistan
2764,Manzoor Akhtar,Pakistan
0503,Manzoor Elahi,Pakistan
2765,Maqsood Rana,Pakistan
3087,"Maraj, I",Canada
3154,"Maregwede, A",Zimbabwe
2257,"Marillier, D A",Zimbabwe
4701,"Markram, A K",South Africa
1085,"Marks, V J",England
1088,"Marsh, G R",Australia
3912,"Marsh, M R",Australia
1089,"Marsh, R W",Australia
3561,"Marsh, S E",Australia
2766,"Marshall, C A",Canada
2254,"Marshall, H J H",New Zealand
3271,"Marshall, J A H",New Zealand
1090,"Marshall, M D",West Indies
3269,"Marshall, X M",West Indies
3861,"Martin, A",West Indies
2248,"Martin, C S",New Zealand
2767,"Martin, G C",Zimbabwe
2768,"Martin, J J",India
2023,"Martin, P J",England
1098,"Martyn, D R",Australia
3498,"Maruma, T",Zimbabwe
2977,"Masakadza, H",Zimbabwe
3769,"Masakadza, S W",Zimbabwe
4482,"Masakadza, W P",Zimbabwe
3478,"Mascarenhas, A D",England
2995,Mashrafe Mortaza,Bangladesh
3150,"Mason, M J",New Zealand
2769,Masood Iqbal,Pakistan
3214,"Massiah, S J",United States
1103,"Massie, R A L",Australia
4572,"Masvaure, P S",Zimbabwe
2073,"Matambanadzo, E",Zimbabwe
3628,"Mathews, A D",Sri Lanka
4439,"Mathieson, A W",New Zealand
3059,"Matsikenyeri, S",Zimbabwe
1108,"Matthews, C R",South Africa
1109,"Matthews, G R J",Australia
1111,"Mattis, E H",West Indies
2770,"Mauricette, B M",Canada
4800,"Mavuta, B A",Zimbabwe
3448,"Mawoyo, T M K",Zimbabwe
3378,"Maxwell, D E S",Canada
3969,"Maxwell, G J",Australia
1113,"May, T B A",Australia
1114,"Maynard, M P",England
2771,Mazhar Hussain,United Arab Emirates
3046,Mazharul Haque,Bangladesh
2074,"Mbangwa, M",Zimbabwe
4639,"McAuslan, C",Hong Kong
4294,"McBrine, A R",Ireland
3388,"McCallan, W K",Ireland
3401,"McCallum, N F I",Scotland
3804,"McCann, R D",Ireland
4329,"McCarter, G J",Ireland
4563,"McCarthy, B J",Ireland
3984,"McClenaghan, M J",New Zealand
4926,"McCollum, J A",Ireland
1124,"McCosker, R B",Australia
4825,"McCoy, O C",West Indies
3008,"McCullum, B B",New Zealand
3685,"McCullum, N L",New Zealand
2772,"McCurdy, R J",Australia
1125,"McDermott, C J",Australia
1129,"McEwan, P E",New Zealand
2773,"McGarrell, N C",West Indies
3651,"McGlashan, P D",New Zealand
3118,"McGrath, A",England
1133,"McGrath, G D",Australia
3758,"McKay, A J",New Zealand
3735,"McKay, C J",Australia
2774,"McKechnie, B J",New Zealand
4715,"McKechnie, S S",Hong Kong
1137,"McKenzie, G D",Australia
2227,"McKenzie, N D",South Africa
3736,"McLaren, R",South Africa
2127,"McLean, N A M",West Indies
2775,"McLeod, H",East Africa
1147,"McMillan, B M",South Africa
2118,"McMillan, C D",New Zealand
2776,"McSweeney, E B",New Zealand
3917,"Meaker, S C",England
4598,Mehidy Hasan Miraz,Bangladesh
2777,Mehmood Quaraishy,East Africa
2778,"Mehra, V",United Arab Emirates
2234,Mehrab Hossain,Bangladesh
3439,Mehrab Hossain,Bangladesh
2779,"Mehta, P S",East Africa
2780,"Meman, M A",Zimbabwe
3545,"Mendis, B A W",Sri Lanka
4485,"Mendis, B K G",Sri Lanka
3787,"Mendis, B M A J",Sri Lanka
1162,"Mendis, L R D",Sri Lanka
2781,"Mendis, M C",Sri Lanka
4827,"Mendis, P H K D",Sri Lanka
4595,"Mennie, J M",Australia
3342,"Meth, K O",Zimbabwe
2054,"Mhambrey, P L",India
3783,"Miller, D A",South Africa
1177,"Miller, G",England
3597,"Miller, N O",West Indies
2782,"Millmow, J P",New Zealand
2966,"Mills, K D",New Zealand
3839,"Milne, A F",New Zealand
2783,Minhajul Abedin,Bangladesh
3369,"Minors, D A",Bermuda
4354,"Mire, S F",Zimbabwe
3727,Mirwais Ashraf,Afghanistan
2262,Misbah-ul-Haq,Pakistan
3108,"Mishra, A",India
3345,"Mishra, T",Kenya
3767,"Mithun, A",India
2784,"Modi, H S",Kenya
4683,Mohammad Abbas,Pakistan
2033,Mohammad Akram,Pakistan
3698,Mohammad Amir,Pakistan
2964,Mohammad Ashraful,Bangladesh
3245,Mohammad Asif,Pakistan
2785,Mohammad Aslam,United Arab Emirates
4722,Mohammad Boota,United Arab Emirates
3101,Mohammad Hafeez,Pakistan
4991,Mohammad Hasnain,Pakistan
2072,Mohammad Hussain,Pakistan
3504,Mohammad Iqbal,Canada
3821,Mohammad Irfan,Pakistan
2786,Mohammad Ishaq,United Arab Emirates
3411,Mohammad Kashif,Netherlands
3240,Mohammad Khalil,Pakistan
4266,Mohammad Mithun,Bangladesh
3665,Mohammad Nabi,Afghanistan
4469,Mohammad Nadeem,Oman
4305,Mohammad Naveed,United Arab Emirates
4536,Mohammad Nawaz,Pakistan
2240,Mohammad Rafique,Bangladesh
4412,Mohammad Rizwan,Pakistan
4677,Mohammad Saifuddin,Bangladesh
3111,Mohammad Salim,Bangladesh
3856,Mohammad Salman,Pakistan
2264,Mohammad Sami,Pakistan
3728,Mohammad Shahzad,Afghanistan
4306,Mohammad Shahzad,United Arab Emirates
3649,Mohammad Talha,Pakistan
3199,Mohammad Tauqir,United Arab Emirates
2077,Mohammad Wasim,Pakistan
2129,Mohammad Yousuf,Pakistan
2083,Mohammad Zahid,Pakistan
3158,"Mohammed, D",West Indies
3925,"Mohammed, J N",West Indies
1260,Mohammed Nazir,Pakistan
4613,Mohammed Qasim,United Arab Emirates
3993,Mohammed Shami,India
2960,Mohammed Sharif,Bangladesh
4675,Mohammed Siraj,India
2107,"Mohanty, D S",India
4010,Mohibullah Paak,Afghanistan
0907,Mohsin Kamal,Pakistan
0930,Mohsin Khan,Pakistan
0931,Moin Khan,Pakistan
2787,Moin-Ul-Atiq,Pakistan
3485,"Mol, G C",Netherlands
3048,"Mol, H J",Netherlands
3980,Mominul Haque,Bangladesh
3797,"Mommsen, P L",Scotland
2959,"Mongia, D",India
1978,"Mongia, N R",India
3145,Moniruzzaman,Bangladesh
1206,"Moody, T M",Australia
3389,"Mooney, J F",Ireland
3390,"Mooney, P J K",Ireland
4359,"Moor, P J",Zimbabwe
1209,"More, K S",India
4344,"Morea, V V",Papua New Guinea
3370,"Morgan, D W O",Bermuda
3416,"Morgan, E J G",England
3162,"Morkel, J A",South Africa
3451,"Morkel, M",South Africa
3989,"Morris, C H",South Africa
1216,"Morris, J E",England
1219,"Morrison, D K",New Zealand
1220,"Morrison, J F M",New Zealand
2788,Morshed Ali Khan,Bangladesh
3012,"Morton, R S",West Indies
4516,Mosaddeck Hossain,Bangladesh
1222,"Moseley, E A",West Indies
3536,Mosharraf Hossain,Bangladesh
1225,"Moss, J K",Australia
1228,"Moxon, M D",England
2789,"Mpitsang, P V",South Africa
3237,"Mpofu, C B",Zimbabwe
3918,"M'shangwe, N",Zimbabwe
3030,"Mubarak, J",Sri Lanka
3482,Mudassar Bukhari,Netherlands
1258,Mudassar Nazar,Pakistan
3415,"Mufambisi, T V",Zimbabwe
4526,Muhammad Usman,United Arab Emirates
2790,Mujahid Jamshed,Pakistan
4714,Mujeeb Ur Rahman,Afghanistan
2791,"Mukherjee, S P",India
3371,"Mukuddem, S",Bermuda
4585,"Mulder, J",Ireland
4707,"Mulder, P W A",South Africa
3443,"Mulla, A A",Canada
3480,"Mulla, M",Canada
2056,"Mullally, A D",England
4600,"Mumba, C T",Zimbabwe
2792,"Munasinghe, A M N",Sri Lanka
3972,"Munaweera, E M D Y",Sri Lanka
3566,Munir Dar,Hong Kong
3985,"Munro, C",New Zealand
4435,"Munsey, H G",Scotland
3173,"Mupariwa, T",Zimbabwe
1234,"Muralitharan, M",Sri Lanka
3072,"Murgatroyd, B G",Namibia
2218,"Murphy, B A",Zimbabwe
4007,"Murphy, D",Scotland
1239,"Murray, D A",West Indies
2006,"Murray, D J",New Zealand
1240,"Murray, D L",West Indies
1242,"Murray, J R",West Indies
4802,"Murray, R C",Zimbabwe
3958,"Murtagh, T J",Ireland
4608,"Musakanda, T K",Zimbabwe
3279,Mushfiqur Rahim,Bangladesh
2793,Mushfiqur Rahman,Bangladesh
0018,Mushtaq Ahmed,Pakistan
1198,Mushtaq Mohammad,Pakistan
4414,Mustafizur Rahman,Bangladesh
3500,"Mustard, P",England
2230,"Mutendera, D T",Zimbabwe
3639,"Mutizwa, F",Zimbabwe
4004,"Mutombodzi, T C",Zimbabwe
4019,"Mutumbami, R",Zimbabwe
4719,"Muzarabani, B",Zimbabwe
4459,"Muzarabani, T",Zimbabwe
3061,"Mwayenga, W",Zimbabwe
3895,"Myburgh, S J",Netherlands
2794,"Mylvaganam, G",United Arab Emirates
3206,Nadeem Ahmed,Hong Kong
0600,Nadeem Ghauri,Pakistan
0932,Nadeem Khan,Pakistan
2795,Naeem Ahmed,Pakistan
2796,Naeem Ashraf,Pakistan
3616,Naeem Islam,Bangladesh
3195,Naeemuddin Aslam,United Arab Emirates
3144,Nafis Iqbal,Bangladesh
2229,"Nagamootoo, M V",West Indies
2797,"Nagenda, J",East Africa
1246,"Naik, S S",India
2232,Naimuir Rahman,Bangladesh
4123,"Nair, K K",India
3469,Najaf Shah,Pakistan
3188,Najeeb Amar,Hong Kong
4274,Najeeb Tarakai,Afghanistan
3960,Najibullah Zadran,Afghanistan
2798,"Nana, P G",East Africa
3697,"Nannes, D P",Australia
4676,"Nao, A",Papua New Guinea
3922,"Narine, S P",West Indies
2799,Naseer Malik,Pakistan
3610,"Nash, B P",West Indies
1251,"Nash, D J",New Zealand
1793,Nasim-Ul-Ghani,Pakistan
2800,Nasir Ahmed,Bangladesh
4364,Nasir Aziz,United Arab Emirates
3205,Nasir Hameed,Hong Kong
3878,Nasir Hossain,Bangladesh
4315,Nasir Jamal,Afghanistan
3521,Nasir Jamshed,Pakistan
3227,Nasir Javed,United States
3546,Naumanullah,Pakistan
0077,Naved Anjum,Pakistan
2994,Naved Latif,Pakistan
3102,Naved-ul-Hasan,Pakistan
4590,Naveen -ul-Haq,Afghanistan
2801,"Nawaz, M N",Sri Lanka
3666,Nawroz Mangal,Afghanistan
1255,"Nayak, S V",India
3116,"Nayanakanatha, H G D",Sri Lanka
3704,"Nayar, A M",India
3538,"Nazimuddin, M",Bangladesh
3225,Nazmul Hossain,Bangladesh
4633,Nazmul Hossain Shanto,Bangladesh
4736,Nazmul Islam,Bangladesh
3919,"Ncube, N",Zimbabwe
3986,"Neesham, J D S",New Zealand
2802,Neeyamur Rashid,Bangladesh
2168,"Nehra, A",India
2970,"Nel, A",South Africa
3402,"Nel, J D",Scotland
4201,"Neser, M G",Australia
3933,"Nethula, T S",New Zealand
4960,"Netravalkar, S N",United States
2803,"Nevin, C J",New Zealand
4646,"Ngarava, R",Zimbabwe
4636,"Ngidi, L",South Africa
3805,"Ngoche, J O",Kenya
3750,"Ngoche, S O",Kenya
4509,"Nicholls, H M",New Zealand
3784,"Nicol, R J",New Zealand
3822,"Nicolson, I A",Zimbabwe
3674,"Nijman, R G",Netherlands
2993,"Nissanka, R A P",Sri Lanka
3454,"Nixon, P A",England
4280,Nizakat Khan,Hong Kong
2222,"Nkala, M L",Zimbabwe
3531,"Noffke, A A",Australia
3663,Noor Ali Zadran,Afghanistan
3819,Noor-ul-Haq,Afghanistan
3648,"North, M J",Australia
4929,"Nortje, A",South Africa
2137,"Ntini, M",South Africa
3859,"Nurse, A R",West Indies
2804,Nurul Abedin,Bangladesh
4514,Nurul Hasan,Bangladesh
4318,"Nyumbu, J",Zimbabwe
3509,"Obanda, A A",Kenya
3372,"O'Brien, G H",Bermuda
3274,"O'Brien, I E",New Zealand
3391,"O'Brien, K J",Ireland
3417,"O'Brien, N J",Ireland
2979,"Obuya, C O",Kenya
2978,"Obuya, D O",Kenya
2110,"O'Connor, S B",New Zealand
3755,"Odhiambo, N M",Kenya
3346,"Odhiambo, N N",Kenya
1288,"O'Donnell, S P",Australia
2806,"Odoyo, T M",Kenya
2807,"Odumbe, E O",Kenya
2808,"Odumbe, M O",Kenya
3789,"Ojha, N V",India
3574,"Ojha, P P",India
1289,"O'Keeffe, K J",Australia
1298,"Old, C M",England
4625,"Olivier, D",South Africa
2019,"Olonga, H K",Zimbabwe
3894,"Oluoch, L N",Kenya
1558,"Omarshah, A H",Zimbabwe
2805,"Ongondo, P J",Kenya
3676,"Onions, G",England
2969,"Ontong, J L",South Africa
2809,"Onyango, L N",Kenya
2810,"Opatha, A R M",Sri Lanka
2811,"Oram, J D P",New Zealand
3364,"Osinde, H",Canada
1293,"O'Sullivan, D R",New Zealand
3510,"Otieno, E",Kenya
3806,"Otieno, F N",Kenya
2812,"Otieno, K O",Kenya
3222,"Ouma, M A",Kenya
3427,"Outerbridge, S D",Bermuda
4712,"Overton, C",England
1304,"Owens, M B",New Zealand
3725,"Paine, T D",Australia
2813,"Palframan, S J",South Africa
3493,"Panchel, M",Netherlands
2814,"Pandey, G K",India
4083,"Pandey, M K",India
1319,"Pandit, C S",India
4399,"Pandya, H H",India
3350,"Panesar, M S",England
3790,Pankaj Singh,India
4542,"Pant, R R",India
3168,"Panyangara, T",Zimbabwe
3161,"Papps, M H W",New Zealand
2815,"Paranjpe, J V",India
3515,"Parchment, B A",West Indies
4510,"Paris, J S",Australia
1322,"Parkar, G A",India
1326,"Parker, J M",New Zealand
3796,"Parker, M A",Scotland
1327,"Parker, N M",New Zealand
3642,"Parnell, W D",South Africa
1334,"Parore, A C",New Zealand
1335,"Parry, D R",West Indies
4272,"Parry, S D",England
4311,Parvez Rasool,India
3716,"Pascal, N T",West Indies
1338,"Pascoe, L S",Australia
2816,"Pasqual, S P",Sri Lanka
3098,"Patel, A",Canada
2817,"Patel, A K",India
4310,"Patel, A R",India
2980,"Patel, B J",Kenya
1343,"Patel, B P",India
1344,"Patel, D N",New Zealand
3722,"Patel , H",Canada
2818,"Patel, J M",Canada
3321,"Patel, J S",New Zealand
3353,"Patel, K A",Kenya
4954,"Patel, M D",United States
3229,"Patel, M L",Kenya
3352,"Patel, M M",India
3035,"Patel, P A",India
1346,"Patel, R G M",India
3612,"Patel, R R",Kenya
3605,"Patel, S R",England
4959,"Patel, T K",United States
4641,"Paterson, D",South Africa
2819,"Paterson, G A",Zimbabwe
3156,"Pathan, I K",India
4016,"Pathan, R",Canada
3550,"Pathan, Y K",India
4454,"Pathirana, S S",Sri Lanka
1349,"Patil, S M",India
4261,"Patil, S P",United Arab Emirates
3507,"Patraj, J",Canada
2820,"Patterson, B M W",Scotland
1350,"Patterson, B P",West Indies
3854,"Pattinson, J L",Australia
4812,"Paudel, R K",Nepal
4742,"Paul, K M A",West Indies
1351,"Payne, T R O",West Indies
1984,"Peall, S G",Zimbabwe
2821,"Peckover, G E",Zimbabwe
2822,"Penn, A J",New Zealand
4017,"Perera, A K",Sri Lanka
2823,"Perera, K G",Sri Lanka
3501,"Perera, M D K",Sri Lanka
3994,"Perera, M D K J",Sri Lanka
3747,"Perera, N L T C",Sri Lanka
4950,"Perera, P A R P",Sri Lanka
2169,"Perera, P D R",Sri Lanka
2149,"Perera, S A",Sri Lanka
3976,"Permaul, V",West Indies
2178,"Perry, N O",West Indies
2825,Pervez Mir,Pakistan
3437,"Petersen, A N",South Africa
3049,"Peterson, R J",South Africa
3708,"Petrie, M J",Scotland
2826,"Petrie, R G",New Zealand
3990,"Phangiso, A M",South Africa
4588,"Phehlukwayo, A L",South Africa
3476,"Philander, V D",South Africa
2827,"Philip, I L",Scotland
1365,"Phillip, N",West Indies
1366,"Phillips, W B",Australia
2828,"Pieris, H  S",Sri Lanka
3238,"Pietersen, K P",England
3496,"Pitcher, A D J",Bermuda
3373,"Pitcher, A R",Bermuda
3464,"Pitcher, O L",Bermuda
3331,"Plunkett, L E",England
1378,"Pocock, P I",England
4530,"Pokana, N",Papua New Guinea
3465,"Pollard, K A",West Indies
1380,"Pollard, V",New Zealand
2039,"Pollock, S M",South Africa
2041,"Ponting, R T",Australia
2829,"Poonawala, R H",United Arab Emirates
3419,"Poonia, N S",Scotland
4587,"Pooran, N",West Indies
2830,"Porter, G D",Australia
3418,"Porterfield, W T S",Ireland
2831,"Pothas, N",South Africa
3164,"Powar, R R",India
3022,"Powell, D B",West Indies
3720,"Powell, K O A",West Indies
4605,"Powell, R",West Indies
2203,"Powell, R L",West Indies
3585,"Poynter, A D",Ireland
4326,"Poynter, S W",Ireland
1392,"Prabhakar, M M",India
3914,"Pradeep, N",Sri Lanka
2055,"Prasad, B K V",India
3341,"Prasad, K T G D",Sri Lanka
2187,"Prasad, M S K",India
3881,"Prasanna, S",Sri Lanka
4589,"Pretorius, D",South Africa
2201,"Price, R W",Zimbabwe
1397,"Priest, M W",New Zealand
3013,"Prince, A G",South Africa
1399,"Pringle, C",New Zealand
2832,"Pringle, D J",East Africa
1400,"Pringle, D R",England
1401,"Pringle, M W",South Africa
3239,"Prior, M J",England
4254,"Priyanjan, S M A",Sri Lanka
3826,"Pujara, C A",India
4491,"Punja, Y",United Arab Emirates
1998,"Pushpakumara, K R",Sri Lanka
3741,"Pushpakumara, M",Sri Lanka
4699,"Pushpakumara, P M",Sri Lanka
3328,"Puttick, A G",South Africa
1407,"Pycroft, A J",Zimbabwe
2833,"Pydanna, M R",West Indies
4495,Qadeer Ahmed,United Arab Emirates
3423,Qaiser Ali,Canada
1301,Qasim Omar,Pakistan
4339,"Rabada, K",South Africa
1413,"Rackemann, C G",Australia
1414,"Radford, N V",England
1415,"Radley, C T",England
3668,Raees Ahmadzai,Afghanistan
2834,Rafiqul Alam,Bangladesh
3051,Rafiqul Islam,Bangladesh
3889,"Rahane, A M",India
3955,Rahat Ali,Pakistan
4009,Rahmat Shah,Afghanistan
4349,"Raho, P",Papua New Guinea
4137,"Rahul, K L",India
3287,"Raina, S K",India
3176,"Rainsford, E C",Zimbabwe
4810,"Rajbanshi, L N",Nepal
3131,Rajin Saleh,Bangladesh
4531,"Rajitha, C A K",Sri Lanka
1421,"Rajput, L S",India
1422,"Raju, S L V",India
1424,"Raman, W V",India
1425,"Ramanayake, C P H",Sri Lanka
3286,"Ramdass, R",West Indies
3285,"Ramdin, D",West Indies
4576,Rameez Shahzad,United Arab Emirates
2166,"Ramesh, S",India
1418,Ramiz Raja,Pakistan
2131,"Ramnarine, D",West Indies
3149,"Rampaul, R",West Indies
1429,"Ramprakash, M R",England
3963,"Ramsammy, D R",Canada
3204,Ramveer Rai,United Arab Emirates
1432,"Ranasinghe, A N",Sri Lanka
2835,"Ranasinghe, S K",Sri Lanka
1433,"Ranatunga, A",Sri Lanka
1434,"Ranatunga, D",Sri Lanka
2836,"Ranatunga, N",Sri Lanka
1999,"Ranatunga, S",Sri Lanka
4686,"Rance, S H A",New Zealand
1435,"Ranchod, U",Zimbabwe
1436,"Randall, D W",England
2837,Randhir Singh,India
3746,"Randiv, S",Sri Lanka
3459,"Rankin, W B",Ireland
3537,Raqibul Hasan,Bangladesh
2838,Raqibul Hasan,Bangladesh
3696,"Rashid, A U",England
4484,Rashid Khan,Afghanistan
0933,Rashid Khan,Pakistan
0986,Rashid Latif,Pakistan
3219,Rashid Zia,United States
2052,"Rathore, V S",India
2839,"Ratnayake, N L K",Sri Lanka
1443,"Ratnayake, R J",Sri Lanka
1444,"Ratnayeke, J R",Sri Lanka
3009,"Ratra, A",India
2840,"Raul, S S",India
4711,"Ravu, D",Papua New Guinea
2841,"Rawson, P W E",Zimbabwe
4069,"Rayudu, A T",India
3970,Raza Hasan,Pakistan
3945,Raza-ur-Rehman,Canada
1446,"Razdan, V",India
2182,"Read, C M W",England
1450,"Reddy, B",India
3547,"Redmond, A J",New Zealand
1451,"Redmond, R E",New Zealand
1452,"Redpath, I R",Australia
3406,"Reekers, D J",Netherlands
1454,"Reeve, D A",England
4289,"Regmi, B",Nepal
1457,"Reid, B A",Australia
3220,"Reid, C A",United States
1458,"Reid, J F",New Zealand
2842,"Reid, R B",New Zealand
2100,"Reifer, F L",West Indies
4716,"Reifer, R A",West Indies
1461,"Reiffel, P R",Australia
2111,"Rennie, G J",Zimbabwe
1985,"Rennie, J A",Zimbabwe
4457,"Reva, J B",Papua New Guinea
1465,"Rhodes, J N",South Africa
1989,"Rhodes, S J",England
2843,"Rice, C E B",South Africa
3487,"Richards, A C L",West Indies
1469,"Richards, C J",England
3712,"Richards, D M",West Indies
1470,"Richards, I V A",West Indies
1473,"Richardson, D J",South Africa
4236,"Richardson, E J",Ireland
4650,"Richardson, J A",Australia
3996,"Richardson, K W",Australia
2231,"Richardson, M H",New Zealand
1476,"Richardson, R B",West Indies
2844,"Rindel, M J R",South Africa
3896,"Ringera, E B",Kenya
3343,"Rinke, H P",Zimbabwe
4020,"Rippon, M J",Netherlands
1484,"Ritchie, G M",Australia
1485,"Rixon, S J",Australia
4844,"Rizwan, C P",United Arab Emirates
3528,Rizwan Ahmed,Pakistan
3604,Rizwan Cheema,Canada
3202,Rizwan Latif,United Arab Emirates
1800,Rizwan-Uz-Zaman,Pakistan
3611,"Roach, K A J",West Indies
1490,"Roberts, A D G",New Zealand
1489,"Roberts, A M E",West Indies
2845,"Roberts, S J",New Zealand
1491,"Robertson, G K",New Zealand
2132,"Robertson, G R",Australia
3492,"Robinson, J",Bermuda
1497,"Robinson, R D",Australia
1498,"Robinson, R T",England
3785,Robiul Islam,Bangladesh
4803,"Roche, L N",Zimbabwe
3058,"Rogers, B G",Zimbabwe
3449,"Rogers, G A",Scotland
4262,Rohan Mustafa,United Arab Emirates
4505,Rokhan Barakzai,Afghanistan
4689,"Roland-Jones, T S",England
3374,"Romaine, I H",Bermuda
3213,"Romero, L C",United States
3573,"Ronchi, L",New Zealand
1500,"Roope, G R J",England
3981,"Root, J E",England
1503,"Rose, B C",England
2092,"Rose, F A",West Indies
4321,"Rossouw, R R",South Africa
1509,"Rowe, L G",West Indies
4325,"Roy, J J",England
3635,Rubel Hossain,Bangladesh
3109,"Rudolph, J A",South Africa
4593,Rumman Raees,Pakistan
2846,"Rundle, D B",South Africa
1515,"Rushmere, M W",South Africa
3836,"Russell, A D",West Indies
1517,"Russell, R C",England
3999,"Rutherford, H D",New Zealand
1520,"Rutherford, K R",New Zealand
3532,"Ryder, J D",New Zealand
4993,Saad Ali,Pakistan
4332,Saad Nasim,Pakistan
2847,Saadat Ali,Pakistan
4268,Sabbir Rahman,Bangladesh
1200,Sadiq Mohammad,Pakistan
3591,Saeed Ajmal,Pakistan
0081,Saeed Anwar,Pakistan
2848,Saeed Azad,Pakistan
2849,Saeed-Al-Saffar,United Arab Emirates
4290,Sagar Pun,Nepal
4807,"Sah, A K",Nepal
3759,"Saha, W P",India
2850,Saiful Islam,Bangladesh
2851,Sajid Ali,Pakistan
2852,Sajjad Ahmed,Bangladesh
2853,Sajjad Akbar,Pakistan
2877,Salahuddin Ahmed,Bangladesh
0059,Saleem Altaf,Pakistan
2031,Saleem Elahi,Pakistan
1070,Saleem Malik,Pakistan
2854,Saleem Pervez,Pakistan
2855,Saleem Raza,United Arab Emirates
1960,Saleem Yousuf,Pakistan
0855,Salim Jaffer,Pakistan
1526,"Salisbury, I D K",England
3132,Salman Butt,Pakistan
4263,Salman Faris,United Arab Emirates
4361,Salman Farooq,United Arab Emirates
2856,"Salmond, G",Scotland
3106,"Salvi, A M",India
3099,"Samad, A M",Canada
2857,"Samarasekera, J A",United Arab Emirates
1527,"Samarasekera, M A R",Sri Lanka
1981,"Samaraweera, D P",Sri Lanka
2858,"Samaraweera, T T",Sri Lanka
4704,"Samarawickrama, S",Sri Lanka
3203,Sameer Zia,United Arab Emirates
4413,Sami Aslam,Pakistan
3520,Samiullah Khan,Pakistan
3669,Samiullah Shinwari,Afghanistan
2859,Samiur Rahman,Bangladesh
3228,"Sammy, D J G",West Indies
2255,"Samuels, M N",West Indies
2050,"Samuels, R G",West Indies
4571,"Sandakan, P A D L R",Sri Lanka
4921,Sandeep Goud,Oman
3365,"Sandher, K T",Canada
1530,"Sandhu, B S",India
4374,"Sandhu, G S",Australia
2226,"Sangakkara, K C",Sri Lanka
2259,"Sanghvi, R L",India
4429,"Santner, M J",New Zealand
2861,Sanwar Hossain,Bangladesh
3556,Saqib Ali,United Arab Emirates
4365,Saqlain Haider,United Arab Emirates
2032,Saqlain Mushtaq,Pakistan
2251,Sarandeep Singh,India
3513,Sarfraz Ahmed,Pakistan
1254,Sarfraz Nawaz,Pakistan
4842,"Sarraf, P",Nepal
2220,"Sarwan, R R",West Indies
3088,"Sattaur, A F",Canada
4506,Sayed Shirzad,Afghanistan
2862,"Schewe, M M C",Netherlands
3041,"Schiferli, E",Netherlands
3042,"Scholte, R H",Netherlands
5033,"Scholtz, B M",Namibia
1536,"Schultz, B N",South Africa
2863,"Sealy, G R",Canada
3095,"Seebaran, B B",Canada
3412,"Seelaar, P M",Netherlands
3431,"Seeraj, S",Canada
2878,"Sehwag, V",India
4732,"Seifert, T L",New Zealand
1548,"Sekar, T A P",India
2864,"Semple, K F",West Indies
1553,"Senanayake, C P",Sri Lanka
3928,"Senanayake, S M S M",Sri Lanka
1555,"Serjeant, C S",Australia
2865,"Sethi, R K",East Africa
2866,Shabbir Ahmed,Pakistan
3763,Shabir Noori,Afghanistan
2062,Shadab Kabir,Pakistan
4653,Shadab Khan,Pakistan
0021,Shafiq Ahmed,Pakistan
3730,Shafiqullah,Afghanistan
2867,Shafiuddin Ahmed,Bangladesh
3748,Shafiul Islam,Bangladesh
4352,"Shah, K D",Hong Kong
2974,"Shah, O A",England
2868,"Shah, R D",Kenya
3280,Shahadat Hossain,Bangladesh
2869,Shaheedur Rahman,Bangladesh
4798,Shaheen Shah Afridi,Pakistan
2152,Shahid Afridi,Pakistan
2870,Shahid Anwar,Pakistan
1058,Shahid Mahboob,Pakistan
2069,Shahid Nazir,Pakistan
1522,Shahid Saeed,Pakistan
4583,Shahid Wasif,Hong Kong
2233,Shahriar Hossain,Bangladesh
3283,Shahriar Nafees,Bangladesh
3481,Shahzad Khan,Canada
3702,Shahzaib Hasan,Pakistan
4264,Shaiman Anwar,United Arab Emirates
0022,Shakeel Ahmed,Pakistan
2871,Shakeel Khan,Pakistan
3426,Shakib Al Hasan,Bangladesh
4562,"Shamsi, T",South Africa
3506,"Shamsuden, A",Canada
4018,Shamsur Rahman,Bangladesh
4246,Shan Masood,Pakistan
4476,"Shanaka, M D",Sri Lanka
4027,"Shankar, V",India
4219,"Shannon, J N K",Ireland
3729,Shapoor Zadran,Afghanistan
4313,Sharafuddin Ashraf,Afghanistan
3868,"Sharif, S M",Scotland
2872,Shariful Haque,Bangladesh
4252,Sharjeel Khan,Pakistan
1560,"Sharma, A K",India
1561,"Sharma, C",India
1562,"Sharma, G",India
3470,"Sharma, I",India
4115,"Sharma, K V",India
4028,"Sharma, M M",India
1563,"Sharma, P H",India
3186,"Sharma, R",Hong Kong
3923,"Sharma, R",India
3474,"Sharma, R G",India
1564,"Sharma, S K",India
1570,"Shastri, R J",India
2874,"Shaw, T G",South Africa
1572,"Sheahan, A P",Australia
2875,Shehzad Altaf,United Arab Emirates
2876,"Sheikh, M",Kenya
3594,"Sheikh, M Q",Scotland
3557,"Shetty, V",United Arab Emirates
4322,"Shezi, M",South Africa
1580,"Shillingford, I T",West Indies
1582,"Shivnarine, S",West Indies
2124,Shoaib Akhtar,Pakistan
2879,Shoaib Malik,Pakistan
1201,Shoaib Mohammad,Pakistan
4729,"Short, D J M",Australia
4769,Shubman Gill,India
2880,"Shukla, L R",India
1589,"Shuttleworth, K",England
3879,Shuvagata Hom,Bangladesh
4343,"Siaka, L",Papua New Guinea
3141,"Sibanda, V",Zimbabwe
3618,"Siddle, P M",Australia
2881,"Siddons, J D",Australia
2971,"Sidebottom, R J",England
1591,"Sidhu, N S",India
4022,Sikandar Raza,Zimbabwe
0120,Sikander Bakht,Pakistan
3558,"Silva, E H S",United Arab Emirates
2045,"Silva, K J",Sri Lanka
2882,"Silva, L P C",Sri Lanka
1594,"Silva, S A R",Sri Lanka
2085,"Silverwood, C E W",England
4743,Simandeep Singh,Hong Kong
4687,Simi Singh,Ireland
3447,"Simmons, L M P",West Indies
1595,"Simmons, P V",West Indies
2883,"Simons, E O",South Africa
1597,"Simpson, R B",Australia
3060,"Sims, R W",Zimbabwe
2206,"Sinclair, M S",New Zealand
2884,"Singh, R P",India
3332,"Singh, R P",India
2158,"Singh, R R",India
3354,"Singh, V R",India
4453,"Siriwardana, T A M",Sri Lanka
1612,"Sivaramakrishnan, L",India
3567,Skhawit Ali,Hong Kong
1613,"Slack, W N",England
1615,"Slater, M J",Australia
1619,"Small, G C",England
1621,"Small, M A",West Indies
3181,"Smart, T T",Hong Kong
5028,"Smit, J J",Namibia
3429,"Smith, C J",Bermuda
3400,"Smith , C J O",Scotland
1627,"Smith, C L",England
1629,"Smith, D M",England
3157,"Smith, D R",West Indies
3105,"Smith, D S",West Indies
3014,"Smith, G C",South Africa
1638,"Smith, I D S",New Zealand
3588,"Smith, M",Bermuda
2885,"Smith, M J",England
2886,"Smith, M J",Scotland
2887,"Smith, N M K",England
1641,"Smith, R A",England
4565,"Smith, R A J",Scotland
1642,"Smith, S B",Australia
3756,"Smith, S P D",Australia
3090,"Smits, J",Netherlands
2988,"Snape, J N",England
4793,"Snater, S",Netherlands
1647,"Snedden, M C",New Zealand
1648,"Snell, R P",South Africa
1651,"Snow, J A",England
1652,"Sobers, G S A",West Indies
4243,"Sodhi, I S",New Zealand
2888,"Sodhi, R S",India
3975,Sohag Gazi,Bangladesh
4230,Sohaib Maqsood,Pakistan
2889,Sohail Butt,United Arab Emirates
2890,Sohail Fazal,Pakistan
3525,Sohail Khan,Pakistan
3502,Sohail Tanvir,Pakistan
2891,"Solanki, V S",England
4577,"Sole, C B",Scotland
4724,"Sole, T B",Scotland
1655,"Solkar, E D",India
2892,"Somasunder, S B",India
4291,Sompal Kami,Nepal
4460,"Soper, C A",Papua New Guinea
3432,"Soraine, D",Canada
3941,"Sorensen, M C",Ireland
4362,Soumya Sarkar,Bangladesh
3542,"Southee, T G",New Zealand
2042,"Spearman, C M",New Zealand
4512,"Sran, B B",India
4492,"Sreekumar, L",United Arab Emirates
3327,"Sreesanth, S",India
1664,"Srikkanth, K",India
1665,"Srinath, J",India
1666,"Srinivasan, T E",India
2893,"Sriram, S",India
1669,"Stackpole, K R",Australia
3656,"Stander, J H",Scotland
2894,"Stanger, I M",Scotland
4626,"Stanlake, B",Australia
3215,"Staple, R W",United States
3830,"Starc, M A",Australia
3091,"Statham, N A",Netherlands
2895,"Stead, M P",Canada
3381,"Steede, R D",Bermuda
1675,"Steele, D S",England
3410,"Stelling, W F",Netherlands
1679,"Stevenson, G B",England
1680,"Stewart, A J",England
2896,"Stewart, E L R",South Africa
3773,"Stewart, S L",New Zealand
3242,"Steyn, D W",South Africa
2012,"Steyn, P J R",South Africa
1683,"Stirling, D A",New Zealand
3586,"Stirling, P R",Ireland
4389,"Stoinis, M P",Australia
3883,"Stokes, B A",England
3599,"Stokkers, L W",Netherlands
4819,"Stone, O P",England
2897,"Stott, L W",New Zealand
2017,"Strang, B C",Zimbabwe
2005,"Strang, P A",Zimbabwe
3148,"Strauss, A J",England
1986,"Streak, H H",Zimbabwe
3344,"Strydom, G M",Zimbabwe
2207,"Strydom, P C",South Africa
3539,"Strydom, R",Ireland
2898,"Stuart, A M",Australia
2256,"Stuart, C E L",West Indies
2899,"Styris, S B",New Zealand
1693,"Su'A, M L",New Zealand
4619,Subashis Roy,Bangladesh
2900,"Sudhakar Rao, R",India
3771,Suhrawadi Shuvo,Bangladesh
2901,"Suji, A O",Kenya
2902,"Suji, M A",Kenya
4680,Sultan Ahmed,United Arab Emirates
2903,Sultan Zarawani,United Arab Emirates
2904,"Sulzberger, G P",New Zealand
2905,"Sumar, S",East Africa
4688,Sunzamul Islam,Bangladesh
5034,Suraj Kumar,Oman
3579,"Surkari, Z E",Canada
3069,"Swanepoel, S J",Namibia
2906,"Swann, G P",England
3867,"Swart, M R",Netherlands
3197,Syed Maqsood,United Arab Emirates
3323,Syed Rasel,Bangladesh
1706,"Symcox, P L",South Africa
2907,"Symonds, A",Australia
3076,"Synman, G",Namibia
3413,"Szwarczynski, E S",Netherlands
3184,Tabarak Dar,Hong Kong
1249,Tahir Naqqash,Pakistan
2975,"Taibu, T",Zimbabwe
4324,Taijul Islam,Bangladesh
2908,"Tait, A R",New Zealand
3319,"Tait, S W",Australia
3023,Talha Jubair,Bangladesh
3461,Tamim Iqbal,Bangladesh
4620,Tanbir Hayder,Bangladesh
4534,Tanveer Ahmed,Hong Kong
3837,Tanvir Ahmed,Pakistan
2909,Tanvir Mehdi,Pakistan
4281,Tanwir Afzal,Hong Kong
3032,Tapash Baisya,Bangladesh
3010,Tareq Aziz,Bangladesh
2910,Tariq Javed,Canada
4299,Taskin Ahmed,Bangladesh
0088,Taslim Arif,Pakistan
2982,Taufeeq Umar,Pakistan
0023,Tausif Ahmed,Pakistan
1720,"Tavare, C J",England
1723,"Taylor, B R",New Zealand
3169,"Taylor, B R M",Zimbabwe
3122,"Taylor, J E",West Indies
1729,"Taylor, J P",England
3884,"Taylor, J W A",England
1731,"Taylor, L B",England
3348,"Taylor, L R P L",New Zealand
1732,"Taylor, M A",Australia
1733,"Taylor, P L",Australia
4013,"Taylor, R M L",Scotland
1734,"Taylor, R W",England
4953,"Taylor, S R",United States
2911,"Telemachus, R",South Africa
3407,"ten Doeschate, R N",Netherlands
1735,"Tendulkar, S R",India
2912,"Tennekoon, A P B",Sri Lanka
4811,"ter Braak, D J",Netherlands
2153,"Terbrugge, D J",South Africa
4569,"Terry, S P",Ireland
3870,"Tewarie, V A B",Netherlands
4393,"Thakur, S N",India
3291,"Tharanga, W U",Sri Lanka
3824,"Theron, J",South Africa
3749,"Thirimanne, H D R L",Sri Lanka
3718,"Thomas, D C",West Indies
1740,"Thomas, J G",England
4822,"Thomas, O R",West Indies
3652,"Thompson, E P",New Zealand
3540,"Thompson, G J",Ireland
2051,"Thompson, P I C",West Indies
4237,"Thompson, S R",Ireland
1744,"Thomson, A L",Australia
1745,"Thomson, J R",Australia
1748,"Thomson, S A",New Zealand
1750,"Thorpe, G P",England
3089,"Thuraisingam, S",Canada
3126,"Thushara, T",Sri Lanka
2913,"Tikolo, L O",Kenya
2914,"Tikolo, S O",Kenya
1752,"Tillakaratne, H P",Sri Lanka
4314,"Tiripano, D T",Zimbabwe
2915,"Tissera, M H",Sri Lanka
1754,"Titmus, F J",England
3530,"Tiwary, M K",India
3833,"Tiwary, S S",India
1755,"Tolchard, R W",England
3717,"Tonge, G C",West Indies
1757,"Toohey, P M",Australia
4479,"Topley, R J W",England
1762,"Traicos, A J",Zimbabwe
3772,"Tredwell, J C",England
4594,"Tremain, C P",Australia
3282,"Tremlett, C T",England
2228,"Trescothick, M E",England
2916,"Trimble, G S",Australia
3693,"Trott, I J L",England
3511,"Trott, R J",Bermuda
3124,"Troughton, J O",England
1772,"Troup, G B",New Zealand
3477,"Tshabalala, T",South Africa
3641,"Tsotsobe, L L",South Africa
3375,"Tucker, J J",Bermuda
4586,"Tucker, L J",Ireland
3577,"Tucker, T E",Bermuda
2917,"Tuckett, C M",West Indies
2155,"Tudor, A J",England
2219,"Tuffey, D R",New Zealand
1781,"Tufnell, P C R",England
1783,"Turner, A",Australia
4648,"Turner, A J",Australia
1785,"Turner, G M",New Zealand
2998,Tushar Imran,Bangladesh
2038,"Twose, R G",New Zealand
3743,"Tyagi, S",India
4383,"Tye, A J",Australia
2918,"Udal, S D",England
3699,"Udana, I",Sri Lanka
3544,"Udawatte, M L",Sri Lanka
4452,Umair Ali,United Arab Emirates
3721,Umar Akmal,Pakistan
3793,Umar Amin,Pakistan
3100,Umar Gul,Pakistan
3838,"Unadkat, J D",India
1798,"Underwood, D L",England
2170,"Upashantha, K E A",Sri Lanka
4342,"Ura, T P",Papua New Guinea
4300,Usman Ghani,Afghanistan
3753,Usman Limbada,Canada
4496,Usman Mushtaq,United Arab Emirates
3862,Usman Salahuddin,Pakistan
4253,Usman Shinwari,Pakistan
3355,"Uthappa, R V",India
3170,"Utseya, P",Zimbabwe
2000,"Vaas, W P U J C",Sri Lanka
2919,"Vadher, A V",Kenya
2920,"Vaidya, P S",India
4341,"Vala, A",Papua New Guinea
2921,"Valentine, J N",Canada
3043,"van Bunge, D L S",Netherlands
4817,"van der Dussen, H E",South Africa
3944,"van der Gugten, T",Netherlands
3814,"van der Merwe, A",Ireland
3658,"van der Merwe, R E",South Africa
3339,"van der Wath, J J",South Africa
3050,"van Jaarsveld, M",South Africa
3636,"van Jaarsveld, V B",South Africa
4021,"van Meekeren, P A",Netherlands
3445,"van Nierop, M W A",Netherlands
2922,"van Noortwijk, K J",Netherlands
2923,"Van Oosterom, R F",Netherlands
3097,"van Rooi, B O",Namibia
3093,"van Schoor, M",Namibia
3044,"van Troost, L P",Netherlands
3092,"van Vuuren, R J",Namibia
3129,"van Wyk, M N",South Africa
2924,"Van Zyl, C J P",South Africa
1808,"Vance, R H",New Zealand
4474,"Vandersay, J D F",Sri Lanka
2983,"Vandort, M G",Sri Lanka
4353,"Vanua, N",Papua New Guinea
3422,"Varaiya, H A",Kenya
4347,"Vare, J N T",Papua New Guinea
2925,"Vaughan, J C B",Canada
1810,"Vaughan, J T C",New Zealand
2200,"Vaughan, M P",England
1812,"Veletta, M R J",Australia
1813,"Vengsarkar, D B",India
1814,"Venkataraghavan, S",India
1815,"Venkataramana, M",India
3288,"Venugopal Rao, Y",India
2926,"Vermeulen, M A",Zimbabwe
4292,"Vesawkar, S",Nepal
2090,"Vettori, D L",New Zealand
3626,"Vijay, M",India
5030,"Viljoen, C",Namibia
2135,"Viljoen, D P",Zimbabwe
3782,"Vinay Kumar, R",India
4419,"Vince, J M",England
2927,"Vincent, L",New Zealand
1822,"Viswanath, G R",India
1823,"Viswanath, S",India
4012,"Vithanage, K D K",Sri Lanka
3872,"Vitori, B V",Zimbabwe
1824,"Vivian, G E",New Zealand
3463,"Voges, A C",Australia
2928,"Vonhagt, D M",Sri Lanka
3910,"Wade, M S",Australia
1832,"Wadekar, A L",India
1833,"Wadsworth, K J",New Zealand
3529,Wahab Riaz,Pakistan
2929,Wahidul Gani,Bangladesh
2167,Wajahatullah Wasti,Pakistan
2249,"Walker, B G K",New Zealand
3151,"Walker, M D J",New Zealand
1839,"Walker, M H N",Australia
3946,"Wallace, C D",Scotland
2123,"Wallace, P A",West Indies
2084,"Waller, A C",Zimbabwe
3640,"Waller, M N",Zimbabwe
2021,"Walmsley, K P",New Zealand
1843,"Walsh, C A",West Indies
4956,"Walsh, H R",United States
1847,"Walters, K D",Australia
3068,"Walters, R",Namibia
3713,"Walton, C A K",West Indies
2930,"Walusimbi, S",East Africa
1959,Waqar Younis,Pakistan
4282,Waqas Barkat,Hong Kong
4356,Waqas Khan,Hong Kong
4008,"Wardlaw, I",Scotland
1854,"Warnapura, B",Sri Lanka
3467,"Warnapura, B S M",Sri Lanka
1855,"Warnaweera, K P J",Sri Lanka
1856,"Warne, S K",Australia
3637,"Warner, D A",Australia
4684,Washington Sundar,India
0029,Wasim Akram,Pakistan
0135,Wasim Bari,Pakistan
2931,Wasim Haider,Pakistan
1419,Wasim Raja,Pakistan
1861,"Wassan, A S",India
3621,"Waters, S",Kenya
1862,"Watkin, S L",England
2028,"Watkinson, M",England
3737,"Watling, B J",New Zealand
1867,"Watson, G D",Australia
3399,"Watson, R R",Scotland
3017,"Watson, S R",Australia
1870,"Watson, W",New Zealand
4436,"Watt, M R J",Scotland
3425,"Watts, D F",Scotland
1872,"Waugh, M E",Australia
1873,"Waugh, S R",Australia
1876,"Webb, P N",New Zealand
2932,"Webb, R J",New Zealand
2933,"Weerakkody, A P",Sri Lanka
4642,"Weerakkody, D S",Sri Lanka
3956,"Weerakoon, S",Sri Lanka
2934,"Weeraratne, K",Sri Lanka
3516,"Welegedara, U W M B C A",Sri Lanka
1883,"Wellham, D M",Australia
2029,"Wells, A P",England
2935,"Wells, C M",England
2936,"Wells, V J",England
3433,"Welsh, S R",Canada
3812,"Wesonga, D S",Kenya
1885,"Wessels, K C",South Africa
3614,"West, R M",Ireland
3849,"Westdijk, B A",Netherlands
1888,"Wettimuny, M D S",Sri Lanka
1889,"Wettimuny, S",Sri Lanka
2937,"Wettimuny, S R D",Sri Lanka
3209,"Wharf, A G",England
3851,"Whatham, K",Canada
1891,"Whatmore, D F",Australia
4520,"Wheal, B T J",Scotland
4432,"Wheeler, B M",New Zealand
3472,"Whelan, R K",Ireland
1892,"Whitaker, J J",England
3392,"White, A R",Ireland
1990,"White, C",England
3325,"White, C L",Australia
1893,"White, D J",New Zealand
1899,"Whitney, M R",Australia
2066,"Whittall, A R",Zimbabwe
1987,"Whittall, G J",Zimbabwe
4703,"Whittingham, S G",Scotland
2938,"Wickramaratne, R P A",Sri Lanka
1902,"Wickramasinghe, G P",Sri Lanka
1903,"Wickremasinghe, A G D",Sri Lanka
1904,"Wiener, J M",Australia
4228,"Wiese, D",South Africa
1907,"Wijegunawardene, K I W",Sri Lanka
1908,"Wijesuriya, R G C",Sri Lanka
4420,"Willey, D J",England
1912,"Willey, P",England
3006,"Williams, B A",Australia
5027,"Williams, C G",Namibia
1914,"Williams, D",West Indies
2939,"Williams, H S",South Africa
4592,"Williams, K O K",West Indies
2940,"Williams, L R",West Indies
1980,"Williams, S C",West Indies
3270,"Williams, S C",Zimbabwe
2941,"Williamson, J G",Scotland
3817,"Williamson, K S",New Zealand
1917,"Willis, R G D",England
2942,"Willoughby, C M",South Africa
3473,"Wilson, G C",Ireland
2943,"Wilson, J W",New Zealand
2136,"Wilson, P",Australia
2142,"Wiseman, P J",New Zealand
2035,"Wishart, C B",Zimbabwe
2944,"Wisneski, W A",New Zealand
3846,"Woakes, C R",England
1927,"Wood, B",England
1929,"Wood, G M",Australia
4421,"Wood, M A",England
1932,"Woodcock, A J",Australia
3841,"Woodcock, L J",New Zealand
1937,"Woolley, R D",Australia
1938,"Woolmer, R A",England
4477,"Worker, G H",New Zealand
4591,"Worrall, D J",Australia
3421,"Wright, C M",Scotland
1944,"Wright, J G",New Zealand
1945,"Wright, K J",Australia
3499,"Wright, L J",England
2945,"Yachad, M",South Africa
4390,"Yadav, J",India
3054,"Yadav, J P",India
1949,"Yadav, N S",India
3786,"Yadav, U T",India
1950,"Yadav, V",India
1952,"Yallop, G N",Australia
4507,Yamin Ahmadzai,Afghanistan
1953,"Yardley, B",Australia
3435,"Yardy, M H",England
1565,Yashpal Sharma,India
2946,Yasir Arafat,Pakistan
3117,Yasir Hameed,Pakistan
3898,Yasir Shah,Pakistan
1610,Yograj Singh,India
3000,"Yohannan, T",India
1955,"Young, B A",New Zealand
2947,"Young, B E",Australia
4328,"Young, C A",Ireland
0024,Younis Ahmed,Pakistan
2211,Younis Khan,Pakistan
2948,Yunus Badat,East Africa
2949,Yuvraj Singh,India
4494,Zafar Gohar,Pakistan
2950,Zafar Iqbal,Pakistan
0003,Zaheer Abbas,Pakistan
4493,Zaheer Maqsood,United Arab Emirates
2951,Zahid Ahmed,Pakistan
0530,Zahid Fazal,Pakistan
3901,Zahid Hussain,Canada
2952,Zahid Razzak,Bangladesh
3559,Zahid Shah,United Arab Emirates
4782,Zahir Khan,Afghanistan
2078,Zahoor Elahi,Pakistan
4632,Zahoor Khan,United Arab Emirates
3568,Zain Abbas,Hong Kong
2953,Zakir Hasan,Bangladesh
4984,Zakir Hossain,Bangladesh
0934,Zakir Khan,Pakistan
3949,Zakiullah Zaki,Afghanistan
3714,Zameer Zahir,Canada
4527,"Zampa, A",Australia
4461,Zeeshan Maqsood,Oman
3964,Zeeshan Siddiqi,Canada
2954,"Zesers, A K",Australia
3619,"Zhuwawo, C",Zimbabwe
3966,Ziaur Rahman,Bangladesh
1964,"Zoehrer, T J",Australia
3063,"Zondeki, M",South Africa
4730,"Zondo, K",South Africa
2095,"Zoysa, D N T",Sri Lanka
2955,"Zuiderent, B",Netherlands
2956,Zulfiqar Ali,East Africa
4226,Zulfiqar Babar,Pakistan
3701,Zulqarnain Haider,Pakistan
1966,Zulquarnain,Pakistan
